OutcomeID,A1,A2,A3,A4,A5,A6,A7,A8,A9,A10,A11,A12,A13,A14,A15
1,a,high,high,u,g,high,low,high,t,t,medium,f,g,low,low
2,a,high,high,u,g,high,low,medium,t,f,low,f,s,vhigh,low
3,a,high,high,u,g,high,low,vhigh,t,f,low,t,g,low,vhigh
4,a,high,high,u,g,high,vhigh,high,t,t,high,t,g,medium,high
5,a,high,high,u,g,low,low,high,f,f,low,f,g,vhigh,low
6,a,high,high,u,g,low,low,high,t,t,medium,t,g,vhigh,low
7,a,high,high,u,g,low,low,medium,f,t,medium,t,g,low,high
8,a,high,high,u,g,low,low,medium,t,t,vhigh,t,g,high,low
9,a,high,high,u,g,low,medium,medium,t,f,low,t,g,high,low
10,a,high,high,u,g,low,medium,vhigh,t,t,high,t,g,low,vhigh
11,a,high,high,u,g,medium,low,vhigh,f,f,low,t,s,medium,low
12,a,high,high,u,g,vhigh,vhigh,low,f,f,low,f,g,high,low
13,a,high,high,u,g,vhigh,vhigh,low,f,t,high,f,g,low,high
14,a,high,high,u,g,vhigh,vhigh,vhigh,f,t,medium,t,g,high,medium
15,a,high,high,y,p,high,low,vhigh,t,t,medium,f,g,medium,low
16,a,high,high,y,p,medium,medium,low,f,f,low,f,g,high,medium
17,a,high,high,y,p,vhigh,low,high,f,f,low,f,g,high,low
18,a,high,low,u,g,high,low,medium,t,t,high,f,g,medium,low
19,a,high,low,u,g,high,low,medium,t,t,medium,t,g,high,high
20,a,high,low,u,g,low,low,high,t,t,vhigh,f,g,low,high
21,a,high,low,u,g,low,low,low,t,f,low,f,g,vhigh,vhigh
22,a,high,low,u,g,low,low,medium,f,f,low,f,g,vhigh,medium
23,a,high,low,u,g,medium,low,medium,t,t,high,f,g,vhigh,high
24,a,high,low,u,g,medium,medium,medium,t,t,high,t,g,high,low
25,a,high,low,u,g,vhigh,low,medium,t,t,high,f,g,low,vhigh
26,a,high,low,u,g,vhigh,vhigh,low,f,t,vhigh,f,g,high,medium
27,a,high,medium,u,g,high,low,high,t,f,low,t,g,vhigh,low
28,a,high,medium,u,g,high,low,high,t,t,vhigh,f,g,medium,vhigh
29,a,high,medium,u,g,high,low,low,f,t,high,f,g,low,medium
30,a,high,medium,u,g,low,low,high,t,t,high,t,g,vhigh,vhigh
31,a,high,medium,u,g,low,low,medium,f,f,low,f,g,vhigh,high
32,a,high,medium,u,g,low,low,medium,f,f,low,t,g,low,low
33,a,high,medium,y,p,high,low,medium,f,f,low,f,g,vhigh,medium
34,a,high,medium,y,p,low,low,high,f,f,low,t,g,low,medium
35,a,high,medium,y,p,low,low,medium,f,f,low,t,g,high,low
36,a,high,medium,y,p,medium,low,high,f,f,low,t,g,vhigh,low
37,a,high,medium,y,p,vhigh,vhigh,low,t,f,low,f,g,vhigh,low
38,a,high,vhigh,u,g,high,low,low,f,t,vhigh,t,g,medium,medium
39,a,high,vhigh,u,g,high,low,vhigh,t,t,vhigh,f,g,low,vhigh
40,a,high,vhigh,u,g,low,low,high,t,t,medium,f,g,high,medium
41,a,low,high,u,g,high,low,low,f,f,low,f,g,medium,low
42,a,low,high,u,g,high,low,low,t,t,high,f,g,medium,medium
43,a,low,high,u,g,high,low,vhigh,t,t,high,f,g,medium,vhigh
44,a,low,high,u,g,low,low,medium,f,f,low,f,g,medium,high
45,a,low,high,u,g,vhigh,low,high,t,t,high,f,g,medium,vhigh
46,a,low,high,u,g,vhigh,low,low,t,f,low,f,g,medium,low
47,a,low,high,y,p,low,low,vhigh,t,f,low,f,g,high,low
48,a,low,high,y,p,vhigh,vhigh,low,f,f,low,f,g,low,low
49,a,low,low,l,gg,low,vhigh,vhigh,f,f,low,t,s,vhigh,low
50,a,low,low,u,g,high,low,high,f,f,low,f,g,high,medium
51,a,low,low,u,g,high,low,high,t,t,medium,f,g,low,low
52,a,low,low,u,g,high,low,low,f,f,low,t,g,vhigh,low
53,a,low,low,u,g,high,low,medium,t,t,vhigh,f,g,medium,high
54,a,low,low,u,g,low,low,high,f,t,medium,t,g,medium,medium
55,a,low,low,u,g,low,low,high,t,t,medium,f,g,medium,low
56,a,low,low,u,g,low,low,low,f,t,high,t,g,high,medium
57,a,low,low,u,g,low,low,medium,f,f,low,f,g,medium,medium
58,a,low,low,u,g,low,low,medium,f,f,low,t,s,medium,low
59,a,low,low,u,g,low,low,medium,t,t,high,t,g,medium,medium
60,a,low,low,u,g,vhigh,low,low,f,f,low,f,g,high,medium
61,a,low,low,u,g,vhigh,low,medium,f,t,medium,t,g,vhigh,medium
62,a,low,low,u,g,vhigh,vhigh,low,f,t,medium,f,g,high,high
63,a,low,low,y,p,high,vhigh,medium,f,f,low,f,g,vhigh,low
64,a,low,low,y,p,low,low,medium,f,t,medium,f,g,vhigh,medium
65,a,low,low,y,p,medium,vhigh,low,f,f,low,f,g,medium,low
66,a,low,low,y,p,vhigh,low,medium,t,f,low,t,g,high,low
67,a,low,medium,u,g,high,low,high,t,t,high,f,g,high,vhigh
68,a,low,medium,u,g,high,low,medium,f,t,medium,f,g,medium,high
69,a,low,medium,u,g,low,low,low,f,f,low,f,g,low,low
70,a,low,medium,u,g,low,medium,medium,t,t,high,f,s,medium,low
71,a,low,medium,y,p,medium,medium,low,f,f,low,f,g,high,low
72,a,low,medium,y,p,vhigh,vhigh,vhigh,f,f,low,f,g,vhigh,low
73,a,low,vhigh,u,g,high,low,high,t,t,high,f,g,low,high
74,a,low,vhigh,u,g,high,low,high,t,t,high,t,g,low,high
75,a,low,vhigh,u,g,high,low,high,t,t,vhigh,f,g,medium,vhigh
76,a,low,vhigh,u,g,high,low,low,f,t,medium,t,g,low,high
77,a,low,vhigh,u,g,high,low,medium,f,t,medium,f,g,medium,medium
78,a,low,vhigh,u,g,high,low,medium,t,t,medium,t,g,low,low
79,a,low,vhigh,u,g,high,low,medium,t,t,vhigh,f,g,low,vhigh
80,a,low,vhigh,u,g,low,low,low,f,f,low,f,g,high,vhigh
81,a,low,vhigh,u,g,low,low,low,f,f,low,f,g,low,high
82,a,low,vhigh,u,g,low,low,medium,f,f,low,f,g,medium,medium
83,a,low,vhigh,u,g,low,low,medium,f,f,low,t,g,high,low
84,a,low,vhigh,u,g,low,low,medium,t,t,high,f,g,low,vhigh
85,a,low,vhigh,u,g,low,low,medium,t,t,high,f,g,medium,low
86,a,low,vhigh,u,g,low,low,medium,t,t,medium,t,g,medium,medium
87,a,low,vhigh,u,g,low,low,vhigh,t,f,low,f,g,vhigh,low
88,a,low,vhigh,u,g,medium,low,low,f,f,low,f,g,vhigh,medium
89,a,low,vhigh,u,g,vhigh,low,high,f,t,vhigh,t,g,low,medium
90,a,low,vhigh,u,g,vhigh,low,high,t,f,low,t,g,low,low
91,a,low,vhigh,u,g,vhigh,low,low,t,f,low,f,g,medium,low
92,a,low,vhigh,u,g,vhigh,low,medium,t,t,medium,f,g,medium,high
93,a,low,vhigh,u,g,vhigh,vhigh,low,f,f,low,f,g,low,medium
94,a,low,vhigh,y,p,high,low,high,f,f,low,f,g,high,low
95,a,low,vhigh,y,p,high,low,low,f,f,low,f,g,vhigh,low
96,a,low,vhigh,y,p,high,low,low,f,f,low,t,g,high,medium
97,a,low,vhigh,y,p,high,low,medium,t,t,high,f,g,low,high
98,a,low,vhigh,y,p,high,low,vhigh,t,f,low,t,g,vhigh,low
99,a,low,vhigh,y,p,low,low,medium,t,t,high,t,g,medium,high
100,a,low,vhigh,y,p,medium,medium,low,t,t,vhigh,t,g,low,low
101,a,medium,high,u,g,high,low,high,t,t,vhigh,f,g,low,high
102,a,medium,high,u,g,high,low,medium,f,f,low,t,g,vhigh,medium
103,a,medium,high,u,g,high,low,medium,t,f,low,f,g,vhigh,low
104,a,medium,high,u,g,high,low,vhigh,t,t,vhigh,f,g,medium,high
105,a,medium,high,u,g,low,low,low,f,f,low,f,g,high,low
106,a,medium,high,u,g,medium,low,vhigh,f,t,medium,t,g,vhigh,medium
107,a,medium,high,u,g,vhigh,low,low,f,f,low,f,g,high,vhigh
108,a,medium,low,u,g,high,low,high,t,f,low,f,g,vhigh,vhigh
109,a,medium,low,u,g,high,low,high,t,f,low,t,g,high,vhigh
110,a,medium,low,u,g,high,low,high,t,t,medium,f,g,low,high
111,a,medium,low,u,g,high,low,medium,f,f,low,f,s,high,low
112,a,medium,low,u,g,high,low,medium,f,t,medium,t,g,high,medium
113,a,medium,low,u,g,low,low,high,f,t,medium,t,g,high,high
114,a,medium,low,u,g,low,low,low,f,f,low,f,g,medium,low
115,a,medium,low,u,g,low,low,medium,t,f,low,t,g,vhigh,low
116,a,medium,low,u,g,medium,low,low,f,t,medium,t,g,vhigh,high
117,a,medium,low,u,g,vhigh,low,high,t,f,low,f,g,vhigh,low
118,a,medium,low,y,p,high,low,high,t,t,medium,t,g,medium,high
119,a,medium,low,y,p,vhigh,vhigh,low,f,f,low,f,g,medium,high
120,a,medium,medium,u,g,high,low,high,t,t,high,t,g,medium,vhigh
121,a,medium,medium,u,g,high,low,high,t,t,medium,f,g,high,low
122,a,medium,medium,u,g,high,low,medium,f,f,low,t,g,high,low
123,a,medium,medium,u,g,high,low,medium,f,f,low,t,g,high,medium
124,a,medium,medium,u,g,high,low,medium,f,f,low,t,g,medium,vhigh
125,a,medium,medium,u,g,low,low,vhigh,t,f,low,t,g,vhigh,medium
126,a,medium,medium,u,g,medium,low,high,t,f,low,f,s,vhigh,low
127,a,medium,medium,u,g,medium,medium,low,f,f,low,t,g,vhigh,medium
128,a,medium,medium,u,g,medium,medium,low,f,t,medium,f,g,high,medium
129,a,medium,medium,u,g,vhigh,vhigh,low,f,f,low,f,g,vhigh,medium
130,a,medium,medium,u,g,vhigh,vhigh,low,f,t,medium,f,g,medium,high
131,a,medium,medium,u,g,vhigh,vhigh,low,t,f,low,f,g,medium,low
132,a,medium,medium,y,p,low,low,low,f,f,low,f,g,medium,low
133,a,medium,medium,y,p,low,medium,vhigh,f,f,low,f,g,high,high
134,a,medium,medium,y,p,vhigh,low,medium,t,f,low,t,g,vhigh,low
135,a,medium,medium,y,p,vhigh,vhigh,low,f,f,low,t,g,high,medium
136,a,medium,medium,y,p,vhigh,vhigh,medium,t,t,high,f,g,high,high
137,a,medium,vhigh,u,g,high,low,high,f,f,low,f,g,vhigh,medium
138,a,medium,vhigh,u,g,high,low,medium,t,t,high,t,g,low,high
139,a,medium,vhigh,u,g,high,low,medium,t,t,medium,t,g,vhigh,high
140,a,medium,vhigh,u,g,high,low,vhigh,t,t,high,t,g,medium,low
141,a,medium,vhigh,u,g,high,low,vhigh,t,t,medium,f,g,low,vhigh
142,a,medium,vhigh,u,g,high,low,vhigh,t,t,medium,f,g,medium,medium
143,a,medium,vhigh,u,g,low,low,low,t,f,low,f,g,medium,vhigh
144,a,medium,vhigh,u,g,low,low,medium,f,f,low,t,g,high,vhigh
145,a,medium,vhigh,u,g,low,low,vhigh,t,t,high,f,g,vhigh,high
146,a,medium,vhigh,u,g,vhigh,low,high,t,f,low,f,g,high,high
147,a,medium,vhigh,u,g,vhigh,low,high,t,t,vhigh,t,g,medium,high
148,a,medium,vhigh,y,p,high,high,low,t,f,low,f,g,low,vhigh
149,a,medium,vhigh,y,p,medium,low,vhigh,f,f,low,t,g,low,medium
150,a,medium,vhigh,y,p,vhigh,low,vhigh,t,f,low,f,g,medium,low
151,a,medium,vhigh,y,p,vhigh,vhigh,high,f,t,medium,t,g,high,medium
152,a,vhigh,high,u,g,high,low,low,t,f,low,t,g,high,low
153,a,vhigh,high,u,g,high,low,medium,t,t,high,t,g,medium,low
154,a,vhigh,high,u,g,high,low,vhigh,t,t,high,f,g,low,high
155,a,vhigh,high,u,g,high,low,vhigh,t,t,high,t,g,low,low
156,a,vhigh,high,u,g,high,low,vhigh,t,t,medium,t,g,vhigh,vhigh
157,a,vhigh,high,u,g,low,low,high,t,t,vhigh,t,g,vhigh,vhigh
158,a,vhigh,high,u,g,low,low,low,f,f,low,f,g,high,low
159,a,vhigh,high,u,g,low,low,vhigh,f,f,low,f,g,vhigh,low
160,a,vhigh,high,u,g,low,low,vhigh,t,f,low,t,g,vhigh,low
161,a,vhigh,high,u,g,low,medium,vhigh,f,f,low,t,g,medium,low
162,a,vhigh,high,u,g,medium,low,medium,f,f,low,t,s,high,low
163,a,vhigh,high,u,g,medium,low,medium,t,f,low,t,g,low,low
164,a,vhigh,high,u,g,medium,medium,low,t,f,low,f,g,medium,vhigh
165,a,vhigh,high,u,g,vhigh,low,vhigh,f,f,low,f,g,low,low
166,a,vhigh,high,u,g,vhigh,low,vhigh,t,t,high,f,g,low,high
167,a,vhigh,high,u,g,vhigh,vhigh,low,f,f,low,f,s,low,low
168,a,vhigh,high,y,p,vhigh,vhigh,vhigh,f,f,low,t,g,low,medium
169,a,vhigh,low,u,g,high,low,vhigh,t,t,medium,f,g,vhigh,vhigh
170,a,vhigh,low,u,g,low,low,high,t,f,low,f,g,low,low
171,a,vhigh,low,u,g,low,low,medium,t,t,vhigh,t,g,vhigh,medium
172,a,vhigh,low,u,g,low,medium,high,t,f,low,t,g,low,high
173,a,vhigh,low,u,g,low,medium,medium,t,f,low,t,g,high,vhigh
174,a,vhigh,low,u,g,vhigh,low,medium,f,f,low,t,g,high,high
175,a,vhigh,low,u,g,vhigh,vhigh,low,f,f,low,t,s,low,medium
176,a,vhigh,low,u,g,vhigh,vhigh,low,t,t,medium,f,g,high,high
177,a,vhigh,low,y,p,vhigh,vhigh,low,f,f,low,f,g,low,low
178,a,vhigh,medium,u,g,low,vhigh,medium,f,f,low,f,g,low,high
179,a,vhigh,medium,u,g,medium,medium,low,t,f,low,t,g,medium,medium
180,a,vhigh,medium,u,g,vhigh,low,medium,f,f,low,f,g,high,high
181,a,vhigh,medium,u,g,vhigh,low,medium,f,f,low,f,g,low,high
182,a,vhigh,medium,u,g,vhigh,vhigh,low,f,f,low,f,g,medium,low
183,a,vhigh,medium,u,g,vhigh,vhigh,vhigh,f,t,medium,f,g,low,medium
184,a,vhigh,medium,y,p,high,low,low,t,t,vhigh,t,g,vhigh,vhigh
185,a,vhigh,vhigh,u,g,high,high,low,t,t,vhigh,f,g,low,vhigh
186,a,vhigh,vhigh,u,g,high,low,high,t,f,low,f,g,low,vhigh
187,a,vhigh,vhigh,u,g,high,low,vhigh,t,f,low,t,g,low,vhigh
188,a,vhigh,vhigh,u,g,high,low,vhigh,t,t,high,t,g,low,low
189,a,vhigh,vhigh,u,g,high,low,vhigh,t,t,vhigh,f,g,low,vhigh
190,a,vhigh,vhigh,u,g,high,medium,vhigh,t,t,high,f,g,vhigh,vhigh
191,a,vhigh,vhigh,u,g,low,low,vhigh,t,t,high,f,g,low,vhigh
192,a,vhigh,vhigh,u,g,low,low,vhigh,t,t,high,t,g,low,vhigh
193,a,vhigh,vhigh,u,g,low,low,vhigh,t,t,vhigh,f,g,low,vhigh
194,a,vhigh,vhigh,u,g,low,medium,vhigh,t,t,vhigh,f,g,low,vhigh
195,a,vhigh,vhigh,u,g,low,medium,vhigh,t,t,vhigh,t,g,low,low
196,a,vhigh,vhigh,u,g,medium,low,vhigh,t,f,low,t,g,low,low
197,a,vhigh,vhigh,u,g,medium,low,vhigh,t,t,high,t,g,medium,medium
198,a,vhigh,vhigh,u,g,medium,vhigh,low,t,t,vhigh,f,g,low,high
199,a,vhigh,vhigh,u,g,vhigh,low,high,t,t,high,t,g,high,low
200,a,vhigh,vhigh,u,g,vhigh,vhigh,low,t,t,vhigh,t,g,low,vhigh
201,a,vhigh,vhigh,y,p,high,low,vhigh,t,t,vhigh,f,g,low,vhigh
202,b,high,high,u,g,high,low,high,t,f,low,t,g,high,low
203,b,high,high,u,g,high,low,low,f,f,low,t,g,vhigh,medium
204,b,high,high,u,g,high,low,vhigh,f,f,low,f,g,vhigh,medium
205,b,high,high,u,g,high,low,vhigh,f,f,low,t,s,vhigh,low
206,b,high,high,u,g,high,low,vhigh,t,f,low,t,g,medium,high
207,b,high,high,u,g,high,low,vhigh,t,f,low,t,g,medium,low
208,b,high,high,u,g,high,low,vhigh,t,f,low,t,g,vhigh,low
209,b,high,high,u,g,high,low,vhigh,t,t,high,t,g,low,vhigh
210,b,high,high,u,g,high,low,vhigh,t,t,high,t,g,vhigh,low
211,b,high,high,u,g,high,low,vhigh,t,t,medium,f,g,vhigh,medium
212,b,high,high,u,g,high,low,vhigh,t,t,medium,t,g,vhigh,low
213,b,high,high,u,g,high,low,vhigh,t,t,vhigh,t,g,vhigh,vhigh
214,b,high,high,u,g,low,low,high,f,t,medium,t,g,high,medium
215,b,high,high,u,g,low,low,low,f,f,low,f,g,high,low
216,b,high,high,u,g,low,low,low,f,f,low,t,g,medium,low
217,b,high,high,u,g,low,low,vhigh,f,f,low,t,g,low,low
218,b,high,high,u,g,low,low,vhigh,t,f,low,t,g,low,low
219,b,high,high,u,g,low,low,vhigh,t,t,high,f,g,vhigh,high
220,b,high,high,u,g,low,low,vhigh,t,t,vhigh,f,g,vhigh,vhigh
221,b,high,high,u,g,low,medium,high,f,f,low,t,g,high,high
222,b,high,high,u,g,low,medium,high,t,t,high,f,g,low,high
223,b,high,high,u,g,low,medium,low,f,f,low,f,g,high,low
224,b,high,high,u,g,low,medium,vhigh,f,f,low,f,g,high,high
225,b,high,high,u,g,low,medium,vhigh,t,f,low,t,s,vhigh,low
226,b,high,high,u,g,low,medium,vhigh,t,t,medium,f,g,vhigh,high
227,b,high,high,u,g,medium,low,high,f,t,medium,t,g,vhigh,medium
228,b,high,high,u,g,medium,low,high,t,f,low,t,g,vhigh,low
229,b,high,high,u,g,medium,low,medium,f,f,low,t,g,high,low
230,b,high,high,u,g,medium,low,vhigh,t,t,high,f,g,high,low
231,b,high,high,u,g,medium,low,vhigh,t,t,vhigh,t,g,medium,low
232,b,high,high,u,g,vhigh,low,low,t,f,low,t,g,vhigh,low
233,b,high,high,u,g,vhigh,low,medium,f,f,low,t,g,medium,low
234,b,high,high,u,g,vhigh,low,medium,t,f,low,t,g,high,low
235,b,high,high,u,g,vhigh,vhigh,low,f,t,high,f,g,high,high
236,b,high,high,y,p,high,low,vhigh,t,t,high,t,g,vhigh,low
237,b,high,high,y,p,low,low,high,f,f,low,t,g,low,low
238,b,high,high,y,p,low,low,high,f,f,low,t,g,medium,low
239,b,high,high,y,p,low,low,high,t,t,medium,t,g,high,vhigh
240,b,high,high,y,p,low,medium,high,f,f,low,t,g,vhigh,low
241,b,high,high,y,p,low,medium,high,t,t,vhigh,t,g,medium,medium
242,b,high,high,y,p,low,medium,vhigh,t,t,high,t,g,high,low
243,b,high,high,y,p,medium,low,medium,t,t,vhigh,t,g,vhigh,low
244,b,high,low,u,g,high,low,high,t,t,medium,f,g,high,low
245,b,high,low,u,g,high,low,high,t,t,vhigh,t,g,vhigh,vhigh
246,b,high,low,u,g,high,low,medium,f,t,medium,f,g,vhigh,vhigh
247,b,high,low,u,g,high,low,medium,t,t,high,t,g,vhigh,vhigh
248,b,high,low,u,g,low,low,high,t,t,vhigh,f,g,low,high
249,b,high,low,u,g,low,low,low,f,f,low,t,s,high,low
250,b,high,low,u,g,low,low,medium,f,f,low,f,g,high,high
251,b,high,low,u,g,low,medium,vhigh,f,f,low,t,s,vhigh,low
252,b,high,low,u,g,medium,low,high,f,f,low,t,g,high,low
253,b,high,low,u,g,medium,low,medium,t,t,high,t,g,vhigh,low
254,b,high,low,y,p,high,low,medium,f,f,low,t,g,vhigh,medium
255,b,high,low,y,p,low,low,high,f,f,low,t,g,high,high
256,b,high,low,y,p,low,low,low,f,f,low,f,g,high,low
257,b,high,low,y,p,low,low,medium,f,f,low,f,g,high,medium
258,b,high,low,y,p,low,low,vhigh,t,t,medium,t,g,vhigh,vhigh
259,b,high,low,y,p,medium,low,low,f,f,low,f,g,high,vhigh
260,b,high,low,y,p,medium,low,low,f,f,low,f,g,low,low
261,b,high,low,y,p,medium,medium,low,t,t,medium,t,g,vhigh,vhigh
262,b,high,low,y,p,vhigh,low,vhigh,f,f,low,t,g,vhigh,low
263,b,high,medium,u,g,high,low,high,f,f,low,f,g,high,low
264,b,high,medium,u,g,high,low,high,f,f,low,f,g,medium,low
265,b,high,medium,u,g,high,low,low,f,t,medium,f,g,high,medium
266,b,high,medium,u,g,high,low,low,t,f,low,t,g,high,high
267,b,high,medium,u,g,high,low,medium,t,t,medium,f,g,high,high
268,b,high,medium,u,g,high,low,vhigh,t,t,high,t,g,high,vhigh
269,b,high,medium,u,g,high,medium,medium,t,f,low,t,g,high,low
270,b,high,medium,u,g,low,low,high,f,f,low,f,p,medium,low
271,b,high,medium,u,g,low,low,high,f,f,low,t,g,vhigh,low
272,b,high,medium,u,g,low,low,high,f,f,low,t,s,vhigh,low
273,b,high,medium,u,g,low,low,high,t,t,medium,t,g,vhigh,vhigh
274,b,high,medium,u,g,low,low,low,f,f,low,f,g,vhigh,low
275,b,high,medium,u,g,low,low,low,f,f,low,t,g,low,high
276,b,high,medium,u,g,low,low,medium,f,f,low,f,g,vhigh,medium
277,b,high,medium,u,g,low,low,medium,f,f,low,t,g,high,low
278,b,high,medium,u,g,low,low,medium,f,f,low,t,s,low,low
279,b,high,medium,u,g,low,low,medium,f,t,medium,t,g,vhigh,high
280,b,high,medium,u,g,low,low,vhigh,f,f,low,t,g,vhigh,low
281,b,high,medium,u,g,low,low,vhigh,t,f,low,f,g,vhigh,high
282,b,high,medium,u,g,low,low,vhigh,t,t,high,f,g,high,vhigh
283,b,high,medium,u,g,low,low,vhigh,t,t,high,t,g,low,low
284,b,high,medium,u,g,low,medium,low,f,f,low,t,g,vhigh,vhigh
285,b,high,medium,u,g,low,medium,medium,f,f,low,f,g,vhigh,low
286,b,high,medium,u,g,medium,low,high,f,f,low,f,s,low,low
287,b,high,medium,u,g,medium,low,medium,t,f,low,f,s,vhigh,low
288,b,high,medium,u,g,medium,low,vhigh,t,f,low,t,g,high,vhigh
289,b,high,medium,u,g,medium,low,vhigh,t,t,high,f,g,medium,vhigh
290,b,high,medium,u,g,vhigh,low,high,f,t,medium,t,g,vhigh,low
291,b,high,medium,u,g,vhigh,low,vhigh,t,f,low,t,g,vhigh,low
292,b,high,medium,u,g,vhigh,vhigh,low,f,f,low,f,g,low,vhigh
293,b,high,medium,u,g,vhigh,vhigh,low,f,t,medium,f,g,medium,medium
294,b,high,medium,y,p,high,low,low,f,f,low,f,g,medium,medium
295,b,high,medium,y,p,high,low,low,f,f,low,f,s,high,low
296,b,high,medium,y,p,high,low,low,t,f,low,t,g,vhigh,low
297,b,high,medium,y,p,high,low,low,t,t,medium,f,g,low,vhigh
298,b,high,medium,y,p,high,low,vhigh,f,f,low,f,s,high,low
299,b,high,medium,y,p,high,low,vhigh,f,f,low,t,g,vhigh,low
300,b,high,medium,y,p,low,low,high,t,f,low,t,g,low,high
301,b,high,medium,y,p,low,low,low,f,f,low,f,g,high,high
302,b,high,medium,y,p,low,medium,medium,t,t,vhigh,t,g,medium,medium
303,b,high,medium,y,p,medium,low,low,f,f,low,t,s,medium,low
304,b,high,medium,y,p,medium,low,medium,f,f,low,f,g,high,low
305,b,high,medium,y,p,medium,vhigh,low,f,f,low,f,g,medium,low
306,b,high,vhigh,u,g,high,low,high,t,t,medium,t,g,vhigh,high
307,b,high,vhigh,u,g,high,low,low,f,f,low,f,g,vhigh,vhigh
308,b,high,vhigh,u,g,high,low,vhigh,t,t,high,f,g,vhigh,high
309,b,high,vhigh,u,g,high,medium,high,t,f,low,t,s,vhigh,low
310,b,high,vhigh,u,g,low,low,low,f,f,low,f,g,low,high
311,b,high,vhigh,u,g,low,low,medium,f,f,low,f,g,high,low
312,b,high,vhigh,u,g,low,low,medium,t,f,low,f,g,medium,low
313,b,high,vhigh,u,g,low,low,vhigh,t,t,vhigh,f,g,high,high
314,b,high,vhigh,u,g,low,low,vhigh,t,t,vhigh,f,g,low,vhigh
315,b,high,vhigh,u,g,low,low,vhigh,t,t,vhigh,t,g,low,high
316,b,high,vhigh,u,g,medium,high,vhigh,t,t,vhigh,t,g,low,high
317,b,high,vhigh,u,g,vhigh,low,vhigh,t,t,high,t,g,high,low
318,b,high,vhigh,y,p,high,low,vhigh,t,f,low,t,g,high,low
319,b,high,vhigh,y,p,low,low,vhigh,t,f,low,f,g,medium,low
320,b,high,vhigh,y,p,vhigh,vhigh,low,f,t,medium,f,g,high,medium
321,b,low,high,u,g,high,low,high,t,f,low,f,s,medium,low
322,b,low,high,u,g,high,low,high,t,t,high,f,g,medium,vhigh
323,b,low,high,u,g,high,low,low,f,t,medium,f,g,low,medium
324,b,low,high,u,g,high,low,medium,f,f,low,f,g,vhigh,low
325,b,low,high,u,g,high,low,medium,t,t,medium,f,g,high,low
326,b,low,high,u,g,high,low,medium,t,t,medium,f,g,low,medium
327,b,low,high,u,g,low,low,high,t,t,high,f,g,high,vhigh
328,b,low,high,u,g,low,low,low,f,f,low,f,g,low,high
329,b,low,high,u,g,low,low,medium,f,f,low,f,g,low,low
330,b,low,high,u,g,low,low,medium,f,f,low,f,g,medium,low
331,b,low,high,u,g,low,low,medium,f,f,low,f,s,medium,low
332,b,low,high,u,g,low,low,medium,f,f,low,t,g,medium,low
333,b,low,high,u,g,low,low,medium,f,f,low,t,g,medium,medium
334,b,low,high,u,g,medium,low,low,f,f,low,t,g,high,medium
335,b,low,high,u,g,medium,low,medium,t,f,low,f,g,medium,low
336,b,low,high,u,g,vhigh,low,medium,f,t,medium,f,g,medium,medium
337,b,low,high,y,p,high,low,high,t,t,medium,t,g,medium,high
338,b,low,high,y,p,high,low,high,t,t,medium,t,g,medium,vhigh
339,b,low,high,y,p,low,low,high,t,t,vhigh,t,g,high,medium
340,b,low,high,y,p,low,low,low,f,f,low,f,g,medium,high
341,b,low,high,y,p,low,low,medium,f,f,low,t,g,vhigh,vhigh
342,b,low,high,y,p,medium,low,low,f,f,low,f,g,medium,low
343,b,low,high,y,p,medium,low,medium,f,f,low,f,g,medium,high
344,b,low,high,y,p,vhigh,vhigh,low,f,f,low,t,g,high,medium
345,b,low,low,u,g,high,high,medium,f,f,low,f,g,high,medium
346,b,low,low,u,g,high,low,high,t,t,medium,t,g,medium,low
347,b,low,low,u,g,high,low,low,f,f,low,f,g,high,low
348,b,low,low,u,g,high,low,medium,f,f,low,f,g,high,medium
349,b,low,low,u,g,high,low,medium,f,t,high,f,g,high,medium
350,b,low,low,u,g,high,low,medium,f,t,medium,f,g,vhigh,high
351,b,low,low,u,g,low,low,high,f,f,low,t,g,medium,low
352,b,low,low,u,g,low,low,high,t,t,high,t,g,vhigh,high
353,b,low,low,u,g,low,low,low,f,f,low,f,g,low,low
354,b,low,low,u,g,low,low,low,f,f,low,f,g,low,medium
355,b,low,low,u,g,low,low,low,f,f,low,f,g,medium,low
356,b,low,low,u,g,low,low,low,f,f,low,f,g,vhigh,low
357,b,low,low,u,g,low,low,medium,f,f,low,f,g,medium,low
358,b,low,low,u,g,low,low,medium,f,f,low,t,s,low,low
359,b,low,low,u,g,low,low,medium,f,f,low,t,s,vhigh,low
360,b,low,low,u,g,low,low,medium,t,f,low,t,g,low,low
361,b,low,low,u,g,medium,low,low,f,f,low,t,g,vhigh,medium
362,b,low,low,u,g,medium,low,low,t,f,low,f,s,high,low
363,b,low,low,u,g,medium,low,medium,f,f,low,f,g,vhigh,high
364,b,low,low,u,g,vhigh,low,low,f,f,low,f,g,vhigh,high
365,b,low,low,u,g,vhigh,vhigh,low,f,t,high,f,g,vhigh,high
366,b,low,low,y,p,high,low,low,t,t,medium,t,g,vhigh,medium
367,b,low,low,y,p,low,low,high,f,f,low,t,s,high,low
368,b,low,low,y,p,low,low,low,f,f,low,f,g,medium,high
369,b,low,low,y,p,low,low,low,f,t,medium,f,g,high,medium
370,b,low,low,y,p,low,low,medium,f,f,low,f,g,high,low
371,b,low,low,y,p,low,low,medium,f,f,low,f,g,vhigh,high
372,b,low,low,y,p,medium,high,medium,f,f,low,t,g,medium,medium
373,b,low,low,y,p,medium,low,low,f,f,low,f,g,high,high
374,b,low,low,y,p,medium,low,medium,f,f,low,f,s,high,low
375,b,low,low,y,p,medium,medium,low,f,f,low,t,s,vhigh,medium
376,b,low,low,y,p,vhigh,low,medium,f,f,low,f,g,low,low
377,b,low,low,y,p,vhigh,vhigh,low,f,f,low,f,g,medium,low
378,b,low,low,y,p,vhigh,vhigh,low,f,t,high,f,g,low,medium
379,b,low,medium,u,g,low,high,medium,f,t,medium,t,g,high,high
380,b,low,medium,u,g,low,low,high,t,t,medium,f,g,medium,high
381,b,low,medium,u,g,low,low,high,t,t,vhigh,t,g,high,vhigh
382,b,low,medium,u,g,low,low,low,f,f,low,f,g,high,medium
383,b,low,medium,u,g,medium,low,low,f,f,low,t,g,vhigh,low
384,b,low,medium,u,g,medium,low,medium,f,f,low,f,g,high,low
385,b,low,medium,y,p,high,vhigh,low,f,f,low,f,g,medium,low
386,b,low,medium,y,p,low,low,high,f,f,low,t,g,medium,medium
387,b,low,medium,y,p,low,low,high,t,f,low,t,g,medium,medium
388,b,low,medium,y,p,low,low,high,t,t,high,t,g,medium,high
389,b,low,medium,y,p,medium,low,high,t,t,medium,f,g,high,medium
390,b,low,medium,y,p,medium,low,low,f,f,low,f,g,medium,medium
391,b,low,vhigh,l,gg,vhigh,vhigh,low,f,f,low,t,p,vhigh,vhigh
392,b,low,vhigh,u,g,high,low,high,t,f,low,f,g,medium,vhigh
393,b,low,vhigh,u,g,high,low,high,t,t,medium,f,g,medium,high
394,b,low,vhigh,u,g,high,low,low,f,t,medium,f,g,medium,medium
395,b,low,vhigh,u,g,high,low,medium,t,f,low,t,g,low,high
396,b,low,vhigh,u,g,high,low,medium,t,t,high,f,g,medium,low
397,b,low,vhigh,u,g,high,vhigh,low,t,f,low,f,g,low,low
398,b,low,vhigh,u,g,low,low,high,f,f,low,f,g,vhigh,medium
399,b,low,vhigh,u,g,low,low,high,f,f,low,t,g,medium,low
400,b,low,vhigh,u,g,low,low,high,t,t,high,t,g,low,medium
401,b,low,vhigh,u,g,low,low,medium,t,f,low,t,g,medium,medium
402,b,low,vhigh,u,g,low,low,vhigh,f,t,medium,t,g,high,high
403,b,low,vhigh,u,g,low,low,vhigh,t,f,low,t,g,low,low
404,b,low,vhigh,u,g,low,medium,medium,f,t,medium,t,g,high,medium
405,b,low,vhigh,u,g,medium,low,high,f,f,low,t,g,medium,vhigh
406,b,low,vhigh,u,g,medium,low,low,f,t,medium,f,g,medium,medium
407,b,low,vhigh,u,g,vhigh,low,high,t,t,medium,f,g,medium,vhigh
408,b,low,vhigh,u,g,vhigh,low,high,t,t,vhigh,f,g,low,high
409,b,low,vhigh,u,g,vhigh,low,low,f,f,low,f,g,low,low
410,b,low,vhigh,u,g,vhigh,low,medium,f,f,low,f,g,medium,high
411,b,low,vhigh,u,g,vhigh,vhigh,medium,f,f,low,f,g,medium,low
412,b,low,vhigh,y,p,high,low,high,f,f,low,f,g,vhigh,low
413,b,low,vhigh,y,p,low,low,high,t,f,low,f,s,low,low
414,b,low,vhigh,y,p,medium,low,high,f,f,low,t,g,low,vhigh
415,b,low,vhigh,y,p,medium,low,medium,t,f,low,t,g,medium,low
416,b,low,vhigh,y,p,vhigh,low,low,t,f,low,f,g,medium,high
417,b,medium,high,u,g,high,low,medium,f,f,low,t,g,vhigh,medium
418,b,medium,high,u,g,low,low,high,f,t,medium,f,g,low,medium
419,b,medium,high,u,g,low,low,high,f,t,medium,t,g,vhigh,medium
420,b,medium,high,u,g,low,low,medium,t,t,high,f,g,low,low
421,b,medium,high,u,g,low,low,medium,t,t,high,f,g,low,vhigh
422,b,medium,high,u,g,low,low,vhigh,t,t,medium,t,g,medium,low
423,b,medium,high,u,g,low,medium,medium,t,f,low,t,g,high,low
424,b,medium,high,u,g,medium,low,high,t,t,medium,f,g,vhigh,high
425,b,medium,high,u,g,vhigh,vhigh,vhigh,f,f,low,f,g,high,medium
426,b,medium,high,y,p,high,low,vhigh,f,t,medium,t,g,vhigh,medium
427,b,medium,high,y,p,low,low,low,f,f,low,f,g,high,vhigh
428,b,medium,high,y,p,low,low,vhigh,t,f,low,t,s,medium,low
429,b,medium,high,y,p,low,low,vhigh,t,t,medium,t,g,medium,low
430,b,medium,high,y,p,low,medium,high,f,f,low,f,g,high,vhigh
431,b,medium,high,y,p,medium,low,medium,f,t,medium,t,g,vhigh,high
432,b,medium,low,u,g,high,low,high,t,f,low,t,g,vhigh,low
433,b,medium,low,u,g,high,low,low,f,f,low,t,g,high,high
434,b,medium,low,u,g,high,low,low,f,t,medium,f,g,vhigh,high
435,b,medium,low,u,g,high,low,vhigh,t,t,medium,t,g,vhigh,vhigh
436,b,medium,low,u,g,low,low,high,f,f,low,f,g,medium,low
437,b,medium,low,u,g,low,low,high,f,t,medium,t,g,vhigh,medium
438,b,medium,low,u,g,low,low,high,t,t,high,t,g,vhigh,low
439,b,medium,low,u,g,low,low,low,f,f,low,f,g,medium,low
440,b,medium,low,u,g,low,low,low,f,f,low,t,g,high,medium
441,b,medium,low,u,g,low,low,low,t,f,low,f,g,high,low
442,b,medium,low,u,g,low,low,low,t,f,low,f,g,low,low
443,b,medium,low,u,g,low,low,medium,f,f,low,t,s,vhigh,low
444,b,medium,low,u,g,low,low,medium,t,f,low,f,s,vhigh,low
445,b,medium,low,u,g,low,low,medium,t,t,high,t,g,medium,vhigh
446,b,medium,low,u,g,low,low,vhigh,t,t,high,t,g,vhigh,high
447,b,medium,low,u,g,low,medium,high,f,f,low,t,s,low,low
448,b,medium,low,u,g,low,medium,low,t,f,low,t,g,low,low
449,b,medium,low,u,g,low,medium,medium,t,f,low,f,g,vhigh,medium
450,b,medium,low,u,g,medium,low,low,f,f,low,f,s,low,low
451,b,medium,low,u,g,medium,low,low,f,t,high,f,g,high,vhigh
452,b,medium,low,u,g,medium,low,medium,f,f,low,t,g,medium,medium
453,b,medium,low,u,g,medium,low,medium,f,f,low,t,s,vhigh,low
454,b,medium,low,u,g,medium,low,medium,f,t,medium,t,g,high,medium
455,b,medium,low,u,g,medium,low,medium,f,t,vhigh,f,s,low,low
456,b,medium,low,u,g,medium,low,medium,t,f,low,t,s,vhigh,low
457,b,medium,low,u,g,medium,low,medium,t,t,high,f,g,vhigh,vhigh
458,b,medium,low,u,g,medium,low,vhigh,f,f,low,t,g,vhigh,low
459,b,medium,low,u,g,medium,vhigh,low,f,f,low,f,g,medium,low
460,b,medium,low,u,g,vhigh,low,medium,f,f,low,f,g,high,low
461,b,medium,low,u,g,vhigh,low,medium,t,f,low,t,g,high,low
462,b,medium,low,y,p,high,low,vhigh,t,t,high,t,g,high,high
463,b,medium,low,y,p,low,low,high,f,f,low,t,g,high,low
464,b,medium,low,y,p,low,low,low,f,f,low,f,g,high,medium
465,b,medium,low,y,p,low,low,low,f,t,medium,f,g,medium,medium
466,b,medium,low,y,p,low,low,medium,t,t,medium,f,g,vhigh,high
467,b,medium,low,y,p,low,low,vhigh,f,f,low,f,g,high,high
468,b,medium,low,y,p,vhigh,low,low,t,f,low,f,g,high,medium
469,b,medium,medium,u,g,high,low,high,f,t,medium,t,g,medium,medium
470,b,medium,medium,u,g,high,low,high,t,f,low,f,g,low,vhigh
471,b,medium,medium,u,g,high,low,high,t,t,high,t,g,low,high
472,b,medium,medium,u,g,high,low,high,t,t,medium,t,g,vhigh,medium
473,b,medium,medium,u,g,high,low,high,t,t,vhigh,t,g,vhigh,medium
474,b,medium,medium,u,g,high,low,low,f,f,low,f,g,medium,low
475,b,medium,medium,u,g,high,low,medium,t,t,high,f,g,medium,vhigh
476,b,medium,medium,u,g,high,low,vhigh,t,t,high,t,g,medium,medium
477,b,medium,medium,u,g,high,vhigh,low,f,t,medium,f,g,vhigh,vhigh
478,b,medium,medium,u,g,low,low,high,t,f,low,f,g,vhigh,high
479,b,medium,medium,u,g,low,low,high,t,t,high,f,g,high,high
480,b,medium,medium,u,g,low,low,high,t,t,vhigh,t,g,low,vhigh
481,b,medium,medium,u,g,low,low,high,t,t,vhigh,t,g,vhigh,high
482,b,medium,medium,u,g,low,low,medium,f,f,low,f,g,medium,low
483,b,medium,medium,u,g,low,low,medium,f,f,low,t,g,medium,low
484,b,medium,medium,u,g,low,low,medium,f,f,low,t,g,medium,medium
485,b,medium,medium,u,g,low,low,vhigh,t,t,vhigh,f,g,vhigh,vhigh
486,b,medium,medium,u,g,low,medium,medium,f,f,low,t,g,vhigh,vhigh
487,b,medium,medium,u,g,medium,low,medium,f,f,low,t,s,medium,low
488,b,medium,medium,u,g,medium,low,vhigh,t,t,medium,t,g,high,low
489,b,medium,medium,u,g,vhigh,vhigh,low,f,f,low,t,g,medium,vhigh
490,b,medium,medium,y,p,high,low,medium,t,f,low,t,g,vhigh,vhigh
491,b,medium,medium,y,p,high,low,vhigh,t,t,high,f,g,medium,low
492,b,medium,medium,y,p,low,low,medium,t,t,high,t,g,high,vhigh
493,b,medium,medium,y,p,low,low,vhigh,t,f,low,f,g,low,low
494,b,medium,medium,y,p,low,low,vhigh,t,t,medium,f,g,high,low
495,b,medium,medium,y,p,vhigh,low,high,t,t,high,t,g,vhigh,high
496,b,medium,medium,y,p,vhigh,low,medium,f,f,low,t,g,medium,medium
497,b,medium,medium,y,p,vhigh,low,vhigh,t,f,low,f,g,high,low
498,b,medium,vhigh,u,g,high,low,high,t,f,low,f,g,medium,low
499,b,medium,vhigh,u,g,high,low,high,t,f,low,t,g,medium,low
500,b,medium,vhigh,u,g,high,low,high,t,t,high,t,g,medium,vhigh
501,b,medium,vhigh,u,g,high,low,high,t,t,vhigh,t,g,vhigh,high
502,b,medium,vhigh,u,g,high,low,low,t,t,vhigh,f,g,low,high
503,b,medium,vhigh,u,g,high,low,medium,t,f,low,t,g,vhigh,low
504,b,medium,vhigh,u,g,high,low,medium,t,t,medium,f,g,medium,low
505,b,medium,vhigh,u,g,high,low,vhigh,t,f,low,t,g,vhigh,high
506,b,medium,vhigh,u,g,high,vhigh,low,f,f,low,t,g,medium,vhigh
507,b,medium,vhigh,u,g,low,low,high,f,f,low,f,s,medium,low
508,b,medium,vhigh,u,g,low,low,high,t,t,vhigh,f,g,high,vhigh
509,b,medium,vhigh,u,g,low,low,high,t,t,vhigh,t,g,medium,high
510,b,medium,vhigh,u,g,low,low,low,f,t,medium,f,g,low,vhigh
511,b,medium,vhigh,u,g,low,low,medium,f,f,low,f,g,low,low
512,b,medium,vhigh,u,g,low,low,medium,f,f,low,f,g,low,medium
513,b,medium,vhigh,u,g,low,low,vhigh,t,t,vhigh,f,g,low,high
514,b,medium,vhigh,u,g,low,medium,low,f,f,low,t,g,high,low
515,b,medium,vhigh,u,g,medium,low,high,t,t,medium,t,g,medium,medium
516,b,medium,vhigh,u,g,vhigh,low,medium,f,f,low,t,g,low,low
517,b,medium,vhigh,u,g,vhigh,low,vhigh,t,f,low,t,s,low,low
518,b,medium,vhigh,u,g,vhigh,medium,medium,f,f,low,t,g,vhigh,low
519,b,medium,vhigh,y,p,high,low,medium,t,f,low,t,g,high,high
520,b,medium,vhigh,y,p,medium,low,high,f,f,low,t,g,low,medium
521,b,medium,vhigh,y,p,vhigh,low,low,f,f,low,t,g,medium,high
522,b,vhigh,high,u,g,high,high,low,f,f,low,f,g,low,medium
523,b,vhigh,high,u,g,high,high,vhigh,t,t,medium,t,g,low,low
524,b,vhigh,high,u,g,high,low,high,t,t,high,t,g,low,medium
525,b,vhigh,high,u,g,high,low,low,t,t,medium,f,g,high,high
526,b,vhigh,high,u,g,high,low,vhigh,f,f,low,f,g,vhigh,high
527,b,vhigh,high,u,g,high,low,vhigh,t,f,low,f,s,low,low
528,b,vhigh,high,u,g,high,low,vhigh,t,f,low,t,g,medium,low
529,b,vhigh,high,u,g,high,low,vhigh,t,f,low,t,g,vhigh,low
530,b,vhigh,high,u,g,high,low,vhigh,t,t,high,t,g,vhigh,low
531,b,vhigh,high,u,g,high,low,vhigh,t,t,high,t,g,vhigh,medium
532,b,vhigh,high,u,g,high,low,vhigh,t,t,vhigh,f,g,medium,low
533,b,vhigh,high,u,g,high,low,vhigh,t,t,vhigh,f,g,vhigh,vhigh
534,b,vhigh,high,u,g,high,medium,low,f,f,low,t,g,vhigh,low
535,b,vhigh,high,u,g,low,low,medium,f,f,low,t,g,low,high
536,b,vhigh,high,u,g,low,low,vhigh,t,t,high,f,g,low,vhigh
537,b,vhigh,high,u,g,low,low,vhigh,t,t,vhigh,f,g,vhigh,low
538,b,vhigh,high,u,g,low,low,vhigh,t,t,vhigh,t,g,low,high
539,b,vhigh,high,u,g,low,low,vhigh,t,t,vhigh,t,g,low,low
540,b,vhigh,high,u,g,low,low,vhigh,t,t,vhigh,t,g,vhigh,low
541,b,vhigh,high,u,g,low,medium,high,f,f,low,t,g,medium,low
542,b,vhigh,high,u,g,low,medium,medium,f,f,low,f,g,medium,medium
543,b,vhigh,high,u,g,low,medium,medium,f,f,low,f,g,vhigh,low
544,b,vhigh,high,u,g,low,medium,medium,t,f,low,f,g,low,high
545,b,vhigh,high,u,g,low,medium,vhigh,t,t,vhigh,f,g,medium,vhigh
546,b,vhigh,high,u,g,medium,low,high,t,t,high,t,g,medium,vhigh
547,b,vhigh,high,u,g,medium,low,low,f,f,low,f,g,low,vhigh
548,b,vhigh,high,u,g,medium,low,low,t,f,low,t,g,high,low
549,b,vhigh,high,u,g,medium,low,vhigh,f,f,low,t,s,vhigh,low
550,b,vhigh,high,u,g,medium,low,vhigh,t,t,vhigh,f,g,low,vhigh
551,b,vhigh,high,u,g,vhigh,low,low,f,f,low,f,g,medium,high
552,b,vhigh,high,u,g,vhigh,low,vhigh,t,f,low,f,s,high,low
553,b,vhigh,high,u,g,vhigh,medium,vhigh,t,t,medium,f,g,low,high
554,b,vhigh,high,u,g,vhigh,vhigh,low,f,t,medium,f,g,low,medium
555,b,vhigh,high,y,p,high,low,vhigh,t,f,low,t,g,low,vhigh
556,b,vhigh,high,y,p,low,low,high,f,f,low,f,g,high,medium
557,b,vhigh,high,y,p,vhigh,vhigh,high,f,f,low,f,g,high,medium
558,b,vhigh,low,u,g,high,low,high,t,f,low,f,g,vhigh,high
559,b,vhigh,low,u,g,high,low,low,f,f,low,f,g,medium,medium
560,b,vhigh,low,u,g,high,low,low,f,t,medium,f,s,vhigh,low
561,b,vhigh,low,u,g,high,low,low,t,f,low,f,g,low,vhigh
562,b,vhigh,low,u,g,low,low,medium,f,t,medium,f,g,high,high
563,b,vhigh,low,u,g,low,low,medium,t,t,high,f,g,high,vhigh
564,b,vhigh,low,u,g,low,low,medium,t,t,high,t,g,high,low
565,b,vhigh,low,u,g,low,low,vhigh,t,f,low,f,g,vhigh,low
566,b,vhigh,low,u,g,low,low,vhigh,t,f,low,t,g,vhigh,low
567,b,vhigh,low,u,g,low,medium,vhigh,t,f,low,f,g,low,low
568,b,vhigh,low,u,g,low,medium,vhigh,t,t,vhigh,f,g,low,vhigh
569,b,vhigh,low,u,g,medium,low,low,t,f,low,t,g,vhigh,low
570,b,vhigh,low,u,g,medium,low,medium,t,f,low,f,s,vhigh,low
571,b,vhigh,low,u,g,medium,low,vhigh,t,f,low,f,s,vhigh,low
572,b,vhigh,low,u,g,vhigh,vhigh,low,f,f,low,f,g,medium,low
573,b,vhigh,low,u,g,vhigh,vhigh,low,t,f,low,f,g,medium,medium
574,b,vhigh,low,y,p,low,low,high,t,t,vhigh,f,g,medium,high
575,b,vhigh,low,y,p,low,low,medium,t,t,vhigh,t,g,vhigh,high
576,b,vhigh,low,y,p,medium,low,medium,f,f,low,t,g,medium,low
577,b,vhigh,low,y,p,medium,low,medium,t,t,vhigh,f,g,vhigh,vhigh
578,b,vhigh,low,y,p,medium,low,vhigh,t,f,low,f,g,high,high
579,b,vhigh,low,y,p,vhigh,low,medium,t,t,high,f,g,high,vhigh
580,b,vhigh,medium,u,g,high,low,low,t,f,low,t,g,vhigh,low
581,b,vhigh,medium,u,g,high,low,low,t,f,low,t,g,vhigh,vhigh
582,b,vhigh,medium,u,g,high,low,low,t,t,high,t,g,vhigh,low
583,b,vhigh,medium,u,g,high,low,vhigh,t,t,high,t,g,vhigh,vhigh
584,b,vhigh,medium,u,g,low,low,high,f,f,low,f,g,low,high
585,b,vhigh,medium,u,g,low,low,high,f,f,low,t,g,vhigh,low
586,b,vhigh,medium,u,g,low,low,high,t,f,low,t,g,medium,low
587,b,vhigh,medium,u,g,low,low,high,t,t,vhigh,f,g,high,vhigh
588,b,vhigh,medium,u,g,low,low,low,f,f,low,f,g,high,low
589,b,vhigh,medium,u,g,low,low,vhigh,f,f,low,t,g,low,high
590,b,vhigh,medium,u,g,low,medium,low,f,f,low,f,s,vhigh,low
591,b,vhigh,medium,u,g,low,medium,medium,t,f,low,f,g,vhigh,low
592,b,vhigh,medium,u,g,low,medium,vhigh,f,f,low,f,g,high,low
593,b,vhigh,medium,u,g,medium,low,high,t,t,medium,t,g,low,medium
594,b,vhigh,medium,u,g,medium,low,medium,f,f,low,t,g,vhigh,medium
595,b,vhigh,medium,u,g,medium,low,medium,t,f,low,f,g,high,low
596,b,vhigh,medium,u,g,medium,low,vhigh,f,t,medium,t,g,vhigh,high
597,b,vhigh,medium,u,g,medium,medium,high,t,t,vhigh,t,g,vhigh,vhigh
598,b,vhigh,medium,u,g,vhigh,vhigh,medium,f,f,low,f,g,high,medium
599,b,vhigh,medium,y,p,high,low,medium,f,f,low,f,g,low,high
600,b,vhigh,medium,y,p,high,low,vhigh,t,f,low,t,g,high,low
601,b,vhigh,medium,y,p,low,low,high,f,f,low,t,g,vhigh,low
602,b,vhigh,medium,y,p,low,low,vhigh,f,f,low,t,s,high,low
603,b,vhigh,medium,y,p,low,low,vhigh,t,f,low,t,g,high,high
604,b,vhigh,medium,y,p,low,medium,medium,t,f,low,t,g,high,high
605,b,vhigh,medium,y,p,medium,low,low,f,f,low,f,s,vhigh,low
606,b,vhigh,medium,y,p,vhigh,vhigh,high,f,f,low,f,g,medium,medium
607,b,vhigh,vhigh,u,g,high,high,low,t,t,vhigh,f,g,high,high
608,b,vhigh,vhigh,u,g,high,high,vhigh,t,t,high,t,g,low,low
609,b,vhigh,vhigh,u,g,high,high,vhigh,t,t,medium,t,g,low,high
610,b,vhigh,vhigh,u,g,high,high,vhigh,t,t,vhigh,f,g,low,vhigh
611,b,vhigh,vhigh,u,g,high,low,high,t,t,high,f,g,medium,medium
612,b,vhigh,vhigh,u,g,high,low,high,t,t,high,f,g,vhigh,high
613,b,vhigh,vhigh,u,g,high,low,medium,t,t,medium,f,g,vhigh,high
614,b,vhigh,vhigh,u,g,high,low,vhigh,t,t,high,f,g,low,low
615,b,vhigh,vhigh,u,g,high,low,vhigh,t,t,high,t,g,medium,low
616,b,vhigh,vhigh,u,g,high,low,vhigh,t,t,vhigh,f,g,low,high
617,b,vhigh,vhigh,u,g,high,low,vhigh,t,t,vhigh,f,g,low,low
618,b,vhigh,vhigh,u,g,high,low,vhigh,t,t,vhigh,t,g,low,vhigh
619,b,vhigh,vhigh,u,g,low,low,vhigh,t,t,medium,t,g,medium,vhigh
620,b,vhigh,vhigh,u,g,low,low,vhigh,t,t,vhigh,f,g,high,vhigh
621,b,vhigh,vhigh,u,g,low,low,vhigh,t,t,vhigh,f,g,low,low
622,b,vhigh,vhigh,u,g,low,medium,low,t,t,vhigh,f,g,low,vhigh
623,b,vhigh,vhigh,u,g,low,medium,vhigh,t,t,vhigh,t,g,low,low
624,b,vhigh,vhigh,u,g,low,medium,vhigh,t,t,vhigh,t,g,low,vhigh
625,b,vhigh,vhigh,u,g,medium,low,high,t,t,high,t,g,high,low
626,b,vhigh,vhigh,u,g,medium,low,vhigh,t,f,low,f,s,medium,low
627,b,vhigh,vhigh,u,g,medium,low,vhigh,t,f,low,t,g,low,vhigh
628,b,vhigh,vhigh,u,g,medium,low,vhigh,t,t,high,t,g,vhigh,vhigh
629,b,vhigh,vhigh,u,g,medium,low,vhigh,t,t,vhigh,f,g,high,vhigh
630,b,vhigh,vhigh,u,g,vhigh,vhigh,low,t,f,low,t,g,low,low
631,b,vhigh,vhigh,u,g,vhigh,vhigh,low,t,t,medium,f,g,medium,low
632,b,vhigh,vhigh,u,g,vhigh,vhigh,vhigh,f,t,medium,f,g,medium,medium
633,b,vhigh,vhigh,u,g,vhigh,vhigh,vhigh,t,t,high,f,g,low,vhigh
634,b,vhigh,vhigh,u,g,vhigh,vhigh,vhigh,t,t,vhigh,t,g,low,high
635,b,vhigh,vhigh,u,g,vhigh,vhigh,vhigh,t,t,vhigh,t,g,low,vhigh
636,b,vhigh,vhigh,y,p,low,low,high,t,f,low,f,s,low,low
637,b,vhigh,vhigh,y,p,low,low,vhigh,t,f,low,f,g,medium,low
638,b,vhigh,vhigh,y,p,low,low,vhigh,t,t,vhigh,f,g,low,medium
639,b,vhigh,vhigh,y,p,medium,low,low,f,f,low,f,g,high,low
640,b,vhigh,vhigh,y,p,vhigh,vhigh,low,f,t,medium,f,g,low,high
641,b,vhigh,vhigh,y,p,vhigh,vhigh,low,t,f,low,t,g,low,low
