OutcomeID,Parents,HasNurs,Form,Children,Housing,Finance,Social,Health
1,great_pret,critical,complete,1,convenient,convenient,problematic,not_recom
2,great_pret,critical,complete,1,convenient,inconv,nonprob,not_recom
3,great_pret,critical,complete,1,convenient,inconv,slightly_prob,priority
4,great_pret,critical,complete,1,convenient,inconv,slightly_prob,recommended
5,great_pret,critical,complete,1,critical,convenient,problematic,priority
6,great_pret,critical,complete,1,critical,convenient,problematic,recommended
7,great_pret,critical,complete,1,critical,inconv,nonprob,priority
8,great_pret,critical,complete,1,critical,inconv,problematic,priority
9,great_pret,critical,complete,1,critical,inconv,problematic,recommended
10,great_pret,critical,complete,1,critical,inconv,slightly_prob,recommended
11,great_pret,critical,complete,1,less_conv,convenient,nonprob,priority
12,great_pret,critical,complete,1,less_conv,convenient,problematic,recommended
13,great_pret,critical,complete,1,less_conv,convenient,slightly_prob,priority
14,great_pret,critical,complete,1,less_conv,inconv,problematic,not_recom
15,great_pret,critical,complete,1,less_conv,inconv,problematic,priority
16,great_pret,critical,complete,2,convenient,convenient,nonprob,not_recom
17,great_pret,critical,complete,2,convenient,convenient,problematic,not_recom
18,great_pret,critical,complete,2,convenient,convenient,slightly_prob,not_recom
19,great_pret,critical,complete,2,convenient,inconv,problematic,recommended
20,great_pret,critical,complete,2,convenient,inconv,slightly_prob,recommended
21,great_pret,critical,complete,2,critical,inconv,nonprob,not_recom
22,great_pret,critical,complete,2,critical,inconv,slightly_prob,not_recom
23,great_pret,critical,complete,2,less_conv,convenient,slightly_prob,priority
24,great_pret,critical,complete,2,less_conv,inconv,nonprob,priority
25,great_pret,critical,complete,3,critical,inconv,nonprob,recommended
26,great_pret,critical,complete,3,less_conv,convenient,slightly_prob,not_recom
27,great_pret,critical,complete,3,less_conv,convenient,slightly_prob,recommended
28,great_pret,critical,complete,3,less_conv,inconv,nonprob,not_recom
29,great_pret,critical,complete,3,less_conv,inconv,nonprob,priority
30,great_pret,critical,complete,3,less_conv,inconv,problematic,recommended
31,great_pret,critical,complete,3,less_conv,inconv,slightly_prob,priority
32,great_pret,critical,complete,more,convenient,convenient,problematic,priority
33,great_pret,critical,complete,more,convenient,convenient,problematic,recommended
34,great_pret,critical,complete,more,convenient,inconv,nonprob,not_recom
35,great_pret,critical,complete,more,critical,convenient,nonprob,priority
36,great_pret,critical,complete,more,critical,inconv,problematic,priority
37,great_pret,critical,complete,more,critical,inconv,problematic,recommended
38,great_pret,critical,complete,more,less_conv,convenient,nonprob,recommended
39,great_pret,critical,completed,1,convenient,convenient,nonprob,recommended
40,great_pret,critical,completed,1,convenient,convenient,slightly_prob,recommended
41,great_pret,critical,completed,1,convenient,inconv,problematic,not_recom
42,great_pret,critical,completed,1,critical,convenient,nonprob,priority
43,great_pret,critical,completed,1,critical,convenient,nonprob,recommended
44,great_pret,critical,completed,1,critical,convenient,problematic,not_recom
45,great_pret,critical,completed,1,critical,convenient,slightly_prob,not_recom
46,great_pret,critical,completed,1,critical,inconv,problematic,not_recom
47,great_pret,critical,completed,1,critical,inconv,problematic,recommended
48,great_pret,critical,completed,1,critical,inconv,slightly_prob,not_recom
49,great_pret,critical,completed,1,less_conv,convenient,nonprob,priority
50,great_pret,critical,completed,1,less_conv,convenient,problematic,not_recom
51,great_pret,critical,completed,1,less_conv,convenient,slightly_prob,recommended
52,great_pret,critical,completed,1,less_conv,inconv,nonprob,not_recom
53,great_pret,critical,completed,1,less_conv,inconv,nonprob,priority
54,great_pret,critical,completed,1,less_conv,inconv,nonprob,recommended
55,great_pret,critical,completed,1,less_conv,inconv,problematic,not_recom
56,great_pret,critical,completed,2,convenient,convenient,nonprob,recommended
57,great_pret,critical,completed,2,convenient,inconv,nonprob,recommended
58,great_pret,critical,completed,2,convenient,inconv,problematic,not_recom
59,great_pret,critical,completed,2,convenient,inconv,slightly_prob,priority
60,great_pret,critical,completed,2,critical,convenient,nonprob,priority
61,great_pret,critical,completed,2,critical,convenient,nonprob,recommended
62,great_pret,critical,completed,2,less_conv,convenient,problematic,recommended
63,great_pret,critical,completed,2,less_conv,inconv,slightly_prob,not_recom
64,great_pret,critical,completed,3,convenient,convenient,problematic,not_recom
65,great_pret,critical,completed,3,convenient,convenient,slightly_prob,not_recom
66,great_pret,critical,completed,3,convenient,convenient,slightly_prob,priority
67,great_pret,critical,completed,3,convenient,inconv,problematic,priority
68,great_pret,critical,completed,3,critical,convenient,nonprob,recommended
69,great_pret,critical,completed,3,critical,convenient,slightly_prob,not_recom
70,great_pret,critical,completed,3,critical,inconv,slightly_prob,recommended
71,great_pret,critical,completed,3,less_conv,inconv,nonprob,priority
72,great_pret,critical,completed,3,less_conv,inconv,nonprob,recommended
73,great_pret,critical,completed,3,less_conv,inconv,problematic,not_recom
74,great_pret,critical,completed,3,less_conv,inconv,slightly_prob,recommended
75,great_pret,critical,completed,more,convenient,convenient,nonprob,priority
76,great_pret,critical,completed,more,critical,convenient,nonprob,not_recom
77,great_pret,critical,completed,more,critical,convenient,nonprob,recommended
78,great_pret,critical,completed,more,critical,inconv,nonprob,not_recom
79,great_pret,critical,completed,more,critical,inconv,problematic,recommended
80,great_pret,critical,completed,more,critical,inconv,slightly_prob,not_recom
81,great_pret,critical,completed,more,less_conv,convenient,nonprob,not_recom
82,great_pret,critical,completed,more,less_conv,convenient,problematic,not_recom
83,great_pret,critical,completed,more,less_conv,inconv,nonprob,recommended
84,great_pret,critical,completed,more,less_conv,inconv,problematic,recommended
85,great_pret,critical,completed,more,less_conv,inconv,slightly_prob,priority
86,great_pret,critical,foster,1,convenient,convenient,nonprob,recommended
87,great_pret,critical,foster,1,convenient,convenient,problematic,priority
88,great_pret,critical,foster,1,convenient,convenient,slightly_prob,not_recom
89,great_pret,critical,foster,1,convenient,convenient,slightly_prob,recommended
90,great_pret,critical,foster,1,convenient,inconv,nonprob,not_recom
91,great_pret,critical,foster,1,convenient,inconv,nonprob,priority
92,great_pret,critical,foster,1,convenient,inconv,problematic,priority
93,great_pret,critical,foster,1,convenient,inconv,slightly_prob,not_recom
94,great_pret,critical,foster,1,critical,convenient,problematic,priority
95,great_pret,critical,foster,1,critical,convenient,slightly_prob,priority
96,great_pret,critical,foster,1,critical,inconv,slightly_prob,recommended
97,great_pret,critical,foster,1,less_conv,inconv,nonprob,not_recom
98,great_pret,critical,foster,2,convenient,inconv,problematic,priority
99,great_pret,critical,foster,2,convenient,inconv,problematic,recommended
100,great_pret,critical,foster,2,convenient,inconv,slightly_prob,not_recom
101,great_pret,critical,foster,2,critical,convenient,slightly_prob,priority
102,great_pret,critical,foster,2,critical,inconv,nonprob,recommended
103,great_pret,critical,foster,2,critical,inconv,problematic,not_recom
104,great_pret,critical,foster,2,critical,inconv,slightly_prob,not_recom
105,great_pret,critical,foster,2,less_conv,convenient,nonprob,priority
106,great_pret,critical,foster,2,less_conv,convenient,slightly_prob,priority
107,great_pret,critical,foster,2,less_conv,inconv,nonprob,not_recom
108,great_pret,critical,foster,3,convenient,inconv,problematic,not_recom
109,great_pret,critical,foster,3,convenient,inconv,slightly_prob,recommended
110,great_pret,critical,foster,3,critical,convenient,nonprob,recommended
111,great_pret,critical,foster,3,critical,inconv,problematic,priority
112,great_pret,critical,foster,3,less_conv,convenient,nonprob,priority
113,great_pret,critical,foster,3,less_conv,convenient,problematic,priority
114,great_pret,critical,foster,3,less_conv,convenient,problematic,recommended
115,great_pret,critical,foster,3,less_conv,inconv,nonprob,recommended
116,great_pret,critical,foster,3,less_conv,inconv,slightly_prob,not_recom
117,great_pret,critical,foster,more,convenient,convenient,nonprob,not_recom
118,great_pret,critical,foster,more,convenient,convenient,problematic,recommended
119,great_pret,critical,foster,more,convenient,convenient,slightly_prob,not_recom
120,great_pret,critical,foster,more,convenient,convenient,slightly_prob,priority
121,great_pret,critical,foster,more,convenient,inconv,problematic,recommended
122,great_pret,critical,foster,more,critical,convenient,nonprob,recommended
123,great_pret,critical,foster,more,critical,convenient,problematic,not_recom
124,great_pret,critical,foster,more,critical,convenient,slightly_prob,recommended
125,great_pret,critical,foster,more,critical,inconv,nonprob,not_recom
126,great_pret,critical,foster,more,critical,inconv,problematic,recommended
127,great_pret,critical,foster,more,critical,inconv,slightly_prob,not_recom
128,great_pret,critical,foster,more,less_conv,convenient,slightly_prob,not_recom
129,great_pret,critical,foster,more,less_conv,convenient,slightly_prob,priority
130,great_pret,critical,foster,more,less_conv,inconv,nonprob,priority
131,great_pret,critical,foster,more,less_conv,inconv,nonprob,recommended
132,great_pret,critical,foster,more,less_conv,inconv,slightly_prob,recommended
133,great_pret,critical,incomplete,1,convenient,convenient,problematic,priority
134,great_pret,critical,incomplete,1,convenient,convenient,slightly_prob,not_recom
135,great_pret,critical,incomplete,1,convenient,inconv,nonprob,priority
136,great_pret,critical,incomplete,1,critical,convenient,nonprob,recommended
137,great_pret,critical,incomplete,1,less_conv,convenient,nonprob,not_recom
138,great_pret,critical,incomplete,1,less_conv,convenient,nonprob,priority
139,great_pret,critical,incomplete,1,less_conv,convenient,problematic,priority
140,great_pret,critical,incomplete,1,less_conv,inconv,nonprob,not_recom
141,great_pret,critical,incomplete,2,convenient,convenient,nonprob,priority
142,great_pret,critical,incomplete,2,convenient,inconv,nonprob,not_recom
143,great_pret,critical,incomplete,2,convenient,inconv,nonprob,priority
144,great_pret,critical,incomplete,2,convenient,inconv,problematic,recommended
145,great_pret,critical,incomplete,2,critical,convenient,problematic,priority
146,great_pret,critical,incomplete,2,critical,convenient,slightly_prob,not_recom
147,great_pret,critical,incomplete,2,critical,inconv,problematic,priority
148,great_pret,critical,incomplete,2,critical,inconv,problematic,recommended
149,great_pret,critical,incomplete,2,critical,inconv,slightly_prob,recommended
150,great_pret,critical,incomplete,2,less_conv,convenient,nonprob,not_recom
151,great_pret,critical,incomplete,2,less_conv,convenient,slightly_prob,recommended
152,great_pret,critical,incomplete,2,less_conv,inconv,nonprob,priority
153,great_pret,critical,incomplete,3,convenient,convenient,nonprob,not_recom
154,great_pret,critical,incomplete,3,convenient,convenient,problematic,not_recom
155,great_pret,critical,incomplete,3,convenient,inconv,nonprob,not_recom
156,great_pret,critical,incomplete,3,convenient,inconv,problematic,not_recom
157,great_pret,critical,incomplete,3,critical,convenient,nonprob,recommended
158,great_pret,critical,incomplete,3,critical,convenient,problematic,recommended
159,great_pret,critical,incomplete,3,critical,convenient,slightly_prob,recommended
160,great_pret,critical,incomplete,3,critical,inconv,nonprob,priority
161,great_pret,critical,incomplete,3,critical,inconv,problematic,priority
162,great_pret,critical,incomplete,3,less_conv,convenient,nonprob,recommended
163,great_pret,critical,incomplete,3,less_conv,inconv,problematic,priority
164,great_pret,critical,incomplete,3,less_conv,inconv,problematic,recommended
165,great_pret,critical,incomplete,more,convenient,convenient,nonprob,priority
166,great_pret,critical,incomplete,more,convenient,convenient,nonprob,recommended
167,great_pret,critical,incomplete,more,convenient,inconv,nonprob,not_recom
168,great_pret,critical,incomplete,more,convenient,inconv,nonprob,priority
169,great_pret,critical,incomplete,more,convenient,inconv,problematic,recommended
170,great_pret,critical,incomplete,more,critical,convenient,problematic,not_recom
171,great_pret,critical,incomplete,more,critical,inconv,nonprob,priority
172,great_pret,critical,incomplete,more,less_conv,convenient,nonprob,not_recom
173,great_pret,critical,incomplete,more,less_conv,convenient,problematic,not_recom
174,great_pret,critical,incomplete,more,less_conv,convenient,slightly_prob,not_recom
175,great_pret,critical,incomplete,more,less_conv,convenient,slightly_prob,priority
176,great_pret,critical,incomplete,more,less_conv,convenient,slightly_prob,recommended
177,great_pret,critical,incomplete,more,less_conv,inconv,nonprob,not_recom
178,great_pret,critical,incomplete,more,less_conv,inconv,slightly_prob,not_recom
179,great_pret,improper,complete,1,convenient,inconv,problematic,recommended
180,great_pret,improper,complete,1,critical,convenient,nonprob,recommended
181,great_pret,improper,complete,1,critical,convenient,slightly_prob,not_recom
182,great_pret,improper,complete,1,critical,convenient,slightly_prob,recommended
183,great_pret,improper,complete,1,critical,inconv,nonprob,not_recom
184,great_pret,improper,complete,2,convenient,convenient,nonprob,not_recom
185,great_pret,improper,complete,2,critical,convenient,nonprob,priority
186,great_pret,improper,complete,2,critical,inconv,nonprob,not_recom
187,great_pret,improper,complete,2,less_conv,convenient,problematic,recommended
188,great_pret,improper,complete,2,less_conv,inconv,slightly_prob,not_recom
189,great_pret,improper,complete,3,less_conv,convenient,problematic,priority
190,great_pret,improper,complete,more,convenient,inconv,slightly_prob,not_recom
191,great_pret,improper,complete,more,less_conv,convenient,nonprob,priority
192,great_pret,improper,complete,more,less_conv,convenient,problematic,priority
193,great_pret,improper,complete,more,less_conv,inconv,slightly_prob,recommended
194,great_pret,improper,completed,1,convenient,convenient,nonprob,not_recom
195,great_pret,improper,completed,1,critical,inconv,slightly_prob,priority
196,great_pret,improper,completed,1,less_conv,convenient,nonprob,not_recom
197,great_pret,improper,completed,1,less_conv,convenient,slightly_prob,not_recom
198,great_pret,improper,completed,1,less_conv,inconv,nonprob,priority
199,great_pret,improper,completed,1,less_conv,inconv,slightly_prob,not_recom
200,great_pret,improper,completed,2,convenient,convenient,problematic,not_recom
201,great_pret,improper,completed,2,convenient,convenient,slightly_prob,priority
202,great_pret,improper,completed,2,less_conv,convenient,problematic,priority
203,great_pret,improper,completed,2,less_conv,convenient,slightly_prob,recommended
204,great_pret,improper,completed,2,less_conv,inconv,problematic,not_recom
205,great_pret,improper,completed,3,convenient,inconv,nonprob,not_recom
206,great_pret,improper,completed,3,convenient,inconv,slightly_prob,recommended
207,great_pret,improper,completed,3,critical,inconv,nonprob,not_recom
208,great_pret,improper,completed,3,critical,inconv,problematic,not_recom
209,great_pret,improper,completed,3,critical,inconv,problematic,recommended
210,great_pret,improper,completed,3,less_conv,convenient,nonprob,not_recom
211,great_pret,improper,completed,3,less_conv,inconv,nonprob,priority
212,great_pret,improper,completed,more,convenient,convenient,slightly_prob,recommended
213,great_pret,improper,completed,more,convenient,inconv,nonprob,recommended
214,great_pret,improper,completed,more,convenient,inconv,slightly_prob,not_recom
215,great_pret,improper,completed,more,less_conv,convenient,slightly_prob,not_recom
216,great_pret,improper,completed,more,less_conv,inconv,slightly_prob,priority
217,great_pret,improper,foster,1,convenient,convenient,slightly_prob,recommended
218,great_pret,improper,foster,1,convenient,inconv,nonprob,priority
219,great_pret,improper,foster,1,critical,inconv,problematic,not_recom
220,great_pret,improper,foster,1,critical,inconv,problematic,priority
221,great_pret,improper,foster,1,critical,inconv,slightly_prob,recommended
222,great_pret,improper,foster,1,less_conv,inconv,slightly_prob,not_recom
223,great_pret,improper,foster,2,convenient,convenient,nonprob,priority
224,great_pret,improper,foster,2,convenient,convenient,nonprob,recommended
225,great_pret,improper,foster,2,convenient,inconv,slightly_prob,not_recom
226,great_pret,improper,foster,2,critical,convenient,problematic,priority
227,great_pret,improper,foster,2,critical,convenient,slightly_prob,not_recom
228,great_pret,improper,foster,2,critical,convenient,slightly_prob,recommended
229,great_pret,improper,foster,2,critical,inconv,nonprob,not_recom
230,great_pret,improper,foster,2,critical,inconv,problematic,priority
231,great_pret,improper,foster,2,less_conv,convenient,problematic,recommended
232,great_pret,improper,foster,2,less_conv,inconv,nonprob,not_recom
233,great_pret,improper,foster,3,convenient,convenient,nonprob,priority
234,great_pret,improper,foster,3,convenient,inconv,nonprob,not_recom
235,great_pret,improper,foster,3,convenient,inconv,problematic,recommended
236,great_pret,improper,foster,3,critical,convenient,problematic,priority
237,great_pret,improper,foster,3,less_conv,convenient,problematic,not_recom
238,great_pret,improper,foster,3,less_conv,convenient,problematic,recommended
239,great_pret,improper,foster,3,less_conv,inconv,nonprob,recommended
240,great_pret,improper,foster,3,less_conv,inconv,problematic,priority
241,great_pret,improper,foster,more,convenient,convenient,nonprob,recommended
242,great_pret,improper,foster,more,critical,convenient,nonprob,priority
243,great_pret,improper,foster,more,critical,inconv,slightly_prob,recommended
244,great_pret,improper,foster,more,less_conv,convenient,nonprob,priority
245,great_pret,improper,foster,more,less_conv,convenient,slightly_prob,priority
246,great_pret,improper,foster,more,less_conv,inconv,nonprob,not_recom
247,great_pret,improper,foster,more,less_conv,inconv,problematic,not_recom
248,great_pret,improper,foster,more,less_conv,inconv,slightly_prob,recommended
249,great_pret,improper,incomplete,1,convenient,convenient,nonprob,recommended
250,great_pret,improper,incomplete,1,critical,inconv,slightly_prob,not_recom
251,great_pret,improper,incomplete,1,less_conv,convenient,nonprob,not_recom
252,great_pret,improper,incomplete,1,less_conv,convenient,slightly_prob,priority
253,great_pret,improper,incomplete,1,less_conv,inconv,problematic,priority
254,great_pret,improper,incomplete,2,convenient,convenient,nonprob,not_recom
255,great_pret,improper,incomplete,2,critical,inconv,nonprob,recommended
256,great_pret,improper,incomplete,2,less_conv,convenient,nonprob,priority
257,great_pret,improper,incomplete,2,less_conv,convenient,problematic,priority
258,great_pret,improper,incomplete,3,convenient,convenient,problematic,priority
259,great_pret,improper,incomplete,3,convenient,convenient,problematic,recommended
260,great_pret,improper,incomplete,3,convenient,inconv,nonprob,priority
261,great_pret,improper,incomplete,3,critical,convenient,nonprob,recommended
262,great_pret,improper,incomplete,3,critical,inconv,slightly_prob,priority
263,great_pret,improper,incomplete,3,less_conv,convenient,problematic,priority
264,great_pret,improper,incomplete,3,less_conv,convenient,slightly_prob,priority
265,great_pret,improper,incomplete,3,less_conv,inconv,nonprob,recommended
266,great_pret,improper,incomplete,more,critical,convenient,nonprob,priority
267,great_pret,improper,incomplete,more,critical,inconv,slightly_prob,priority
268,great_pret,improper,incomplete,more,critical,inconv,slightly_prob,recommended
269,great_pret,improper,incomplete,more,less_conv,convenient,slightly_prob,recommended
270,great_pret,improper,incomplete,more,less_conv,inconv,nonprob,priority
271,great_pret,improper,incomplete,more,less_conv,inconv,slightly_prob,not_recom
272,great_pret,improper,incomplete,more,less_conv,inconv,slightly_prob,priority
273,great_pret,less_proper,complete,1,convenient,convenient,problematic,not_recom
274,great_pret,less_proper,complete,1,convenient,inconv,nonprob,priority
275,great_pret,less_proper,complete,1,critical,inconv,nonprob,priority
276,great_pret,less_proper,complete,1,critical,inconv,problematic,recommended
277,great_pret,less_proper,complete,1,less_conv,convenient,problematic,priority
278,great_pret,less_proper,complete,1,less_conv,inconv,nonprob,not_recom
279,great_pret,less_proper,complete,1,less_conv,inconv,slightly_prob,priority
280,great_pret,less_proper,complete,2,convenient,inconv,nonprob,priority
281,great_pret,less_proper,complete,2,convenient,inconv,problematic,recommended
282,great_pret,less_proper,complete,2,critical,convenient,nonprob,recommended
283,great_pret,less_proper,complete,2,critical,inconv,nonprob,priority
284,great_pret,less_proper,complete,2,critical,inconv,nonprob,recommended
285,great_pret,less_proper,complete,3,convenient,convenient,problematic,not_recom
286,great_pret,less_proper,complete,3,less_conv,inconv,problematic,recommended
287,great_pret,less_proper,complete,more,convenient,convenient,nonprob,recommended
288,great_pret,less_proper,complete,more,convenient,inconv,slightly_prob,recommended
289,great_pret,less_proper,complete,more,critical,inconv,problematic,not_recom
290,great_pret,less_proper,complete,more,critical,inconv,slightly_prob,recommended
291,great_pret,less_proper,complete,more,less_conv,convenient,nonprob,priority
292,great_pret,less_proper,complete,more,less_conv,inconv,slightly_prob,recommended
293,great_pret,less_proper,completed,1,convenient,convenient,problematic,priority
294,great_pret,less_proper,completed,1,convenient,inconv,nonprob,not_recom
295,great_pret,less_proper,completed,1,critical,inconv,nonprob,not_recom
296,great_pret,less_proper,completed,1,critical,inconv,nonprob,recommended
297,great_pret,less_proper,completed,1,less_conv,inconv,nonprob,not_recom
298,great_pret,less_proper,completed,1,less_conv,inconv,slightly_prob,priority
299,great_pret,less_proper,completed,1,less_conv,inconv,slightly_prob,recommended
300,great_pret,less_proper,completed,2,convenient,convenient,nonprob,recommended
301,great_pret,less_proper,completed,2,convenient,inconv,problematic,not_recom
302,great_pret,less_proper,completed,2,convenient,inconv,problematic,priority
303,great_pret,less_proper,completed,2,critical,convenient,slightly_prob,not_recom
304,great_pret,less_proper,completed,2,critical,convenient,slightly_prob,priority
305,great_pret,less_proper,completed,2,critical,inconv,slightly_prob,recommended
306,great_pret,less_proper,completed,3,convenient,convenient,slightly_prob,priority
307,great_pret,less_proper,completed,3,less_conv,convenient,nonprob,not_recom
308,great_pret,less_proper,completed,3,less_conv,convenient,problematic,recommended
309,great_pret,less_proper,completed,3,less_conv,convenient,slightly_prob,not_recom
310,great_pret,less_proper,completed,3,less_conv,inconv,problematic,recommended
311,great_pret,less_proper,completed,more,critical,convenient,nonprob,priority
312,great_pret,less_proper,completed,more,critical,inconv,nonprob,not_recom
313,great_pret,less_proper,completed,more,less_conv,inconv,problematic,recommended
314,great_pret,less_proper,foster,1,convenient,convenient,nonprob,recommended
315,great_pret,less_proper,foster,1,convenient,convenient,slightly_prob,not_recom
316,great_pret,less_proper,foster,1,convenient,inconv,nonprob,priority
317,great_pret,less_proper,foster,1,critical,convenient,nonprob,priority
318,great_pret,less_proper,foster,1,less_conv,convenient,slightly_prob,not_recom
319,great_pret,less_proper,foster,1,less_conv,inconv,problematic,not_recom
320,great_pret,less_proper,foster,2,critical,inconv,problematic,priority
321,great_pret,less_proper,foster,2,critical,inconv,slightly_prob,not_recom
322,great_pret,less_proper,foster,2,less_conv,convenient,nonprob,not_recom
323,great_pret,less_proper,foster,2,less_conv,convenient,problematic,priority
324,great_pret,less_proper,foster,2,less_conv,convenient,slightly_prob,priority
325,great_pret,less_proper,foster,2,less_conv,inconv,slightly_prob,not_recom
326,great_pret,less_proper,foster,3,convenient,inconv,nonprob,recommended
327,great_pret,less_proper,foster,3,critical,inconv,nonprob,recommended
328,great_pret,less_proper,foster,more,convenient,inconv,nonprob,priority
329,great_pret,less_proper,foster,more,convenient,inconv,problematic,priority
330,great_pret,less_proper,foster,more,critical,convenient,problematic,recommended
331,great_pret,less_proper,foster,more,critical,convenient,slightly_prob,recommended
332,great_pret,less_proper,foster,more,critical,inconv,problematic,recommended
333,great_pret,less_proper,foster,more,critical,inconv,slightly_prob,priority
334,great_pret,less_proper,foster,more,less_conv,convenient,slightly_prob,not_recom
335,great_pret,less_proper,foster,more,less_conv,inconv,problematic,priority
336,great_pret,less_proper,incomplete,1,less_conv,convenient,problematic,not_recom
337,great_pret,less_proper,incomplete,1,less_conv,convenient,problematic,priority
338,great_pret,less_proper,incomplete,1,less_conv,inconv,problematic,not_recom
339,great_pret,less_proper,incomplete,1,less_conv,inconv,slightly_prob,priority
340,great_pret,less_proper,incomplete,2,convenient,convenient,nonprob,recommended
341,great_pret,less_proper,incomplete,2,convenient,convenient,problematic,recommended
342,great_pret,less_proper,incomplete,2,convenient,inconv,problematic,priority
343,great_pret,less_proper,incomplete,2,less_conv,convenient,nonprob,not_recom
344,great_pret,less_proper,incomplete,2,less_conv,convenient,slightly_prob,priority
345,great_pret,less_proper,incomplete,2,less_conv,inconv,nonprob,not_recom
346,great_pret,less_proper,incomplete,3,convenient,convenient,problematic,not_recom
347,great_pret,less_proper,incomplete,3,convenient,inconv,nonprob,not_recom
348,great_pret,less_proper,incomplete,3,critical,inconv,nonprob,not_recom
349,great_pret,less_proper,incomplete,3,critical,inconv,slightly_prob,recommended
350,great_pret,less_proper,incomplete,3,less_conv,convenient,nonprob,not_recom
351,great_pret,less_proper,incomplete,3,less_conv,inconv,slightly_prob,priority
352,great_pret,less_proper,incomplete,more,convenient,convenient,problematic,priority
353,great_pret,less_proper,incomplete,more,convenient,convenient,slightly_prob,recommended
354,great_pret,less_proper,incomplete,more,critical,convenient,nonprob,not_recom
355,great_pret,less_proper,incomplete,more,critical,convenient,slightly_prob,priority
356,great_pret,less_proper,incomplete,more,critical,convenient,slightly_prob,recommended
357,great_pret,proper,complete,1,convenient,convenient,problematic,not_recom
358,great_pret,proper,complete,1,convenient,inconv,slightly_prob,recommended
359,great_pret,proper,complete,1,critical,convenient,problematic,not_recom
360,great_pret,proper,complete,1,less_conv,convenient,nonprob,not_recom
361,great_pret,proper,complete,1,less_conv,convenient,nonprob,recommended
362,great_pret,proper,complete,1,less_conv,convenient,problematic,recommended
363,great_pret,proper,complete,1,less_conv,convenient,slightly_prob,not_recom
364,great_pret,proper,complete,2,convenient,convenient,slightly_prob,priority
365,great_pret,proper,complete,2,convenient,inconv,problematic,priority
366,great_pret,proper,complete,2,critical,convenient,problematic,priority
367,great_pret,proper,complete,2,critical,inconv,nonprob,recommended
368,great_pret,proper,complete,3,convenient,inconv,nonprob,not_recom
369,great_pret,proper,complete,3,critical,inconv,nonprob,recommended
370,great_pret,proper,complete,3,critical,inconv,slightly_prob,priority
371,great_pret,proper,complete,3,less_conv,convenient,problematic,recommended
372,great_pret,proper,complete,more,critical,inconv,problematic,not_recom
373,great_pret,proper,complete,more,critical,inconv,slightly_prob,not_recom
374,great_pret,proper,complete,more,less_conv,inconv,nonprob,priority
375,great_pret,proper,complete,more,less_conv,inconv,problematic,recommended
376,great_pret,proper,complete,more,less_conv,inconv,slightly_prob,recommended
377,great_pret,proper,completed,1,convenient,convenient,nonprob,recommended
378,great_pret,proper,completed,1,convenient,inconv,problematic,priority
379,great_pret,proper,completed,1,critical,convenient,nonprob,recommended
380,great_pret,proper,completed,1,critical,inconv,problematic,recommended
381,great_pret,proper,completed,2,convenient,inconv,nonprob,priority
382,great_pret,proper,completed,2,critical,inconv,nonprob,recommended
383,great_pret,proper,completed,2,less_conv,convenient,nonprob,not_recom
384,great_pret,proper,completed,2,less_conv,convenient,nonprob,priority
385,great_pret,proper,completed,2,less_conv,inconv,nonprob,priority
386,great_pret,proper,completed,2,less_conv,inconv,problematic,not_recom
387,great_pret,proper,completed,2,less_conv,inconv,slightly_prob,recommended
388,great_pret,proper,completed,3,convenient,convenient,nonprob,not_recom
389,great_pret,proper,completed,3,convenient,inconv,problematic,priority
390,great_pret,proper,completed,3,convenient,inconv,slightly_prob,priority
391,great_pret,proper,completed,3,critical,inconv,slightly_prob,recommended
392,great_pret,proper,completed,3,less_conv,convenient,nonprob,not_recom
393,great_pret,proper,completed,3,less_conv,convenient,problematic,recommended
394,great_pret,proper,completed,3,less_conv,inconv,nonprob,recommended
395,great_pret,proper,completed,3,less_conv,inconv,slightly_prob,not_recom
396,great_pret,proper,completed,more,less_conv,convenient,nonprob,not_recom
397,great_pret,proper,completed,more,less_conv,inconv,slightly_prob,priority
398,great_pret,proper,foster,1,convenient,convenient,slightly_prob,priority
399,great_pret,proper,foster,1,convenient,inconv,nonprob,priority
400,great_pret,proper,foster,1,convenient,inconv,problematic,priority
401,great_pret,proper,foster,1,convenient,inconv,problematic,recommended
402,great_pret,proper,foster,1,critical,inconv,slightly_prob,not_recom
403,great_pret,proper,foster,2,convenient,inconv,nonprob,not_recom
404,great_pret,proper,foster,2,convenient,inconv,slightly_prob,not_recom
405,great_pret,proper,foster,2,less_conv,convenient,nonprob,not_recom
406,great_pret,proper,foster,2,less_conv,convenient,problematic,priority
407,great_pret,proper,foster,2,less_conv,inconv,nonprob,priority
408,great_pret,proper,foster,3,convenient,convenient,problematic,recommended
409,great_pret,proper,foster,3,critical,convenient,nonprob,priority
410,great_pret,proper,foster,3,critical,convenient,slightly_prob,not_recom
411,great_pret,proper,foster,3,less_conv,convenient,nonprob,recommended
412,great_pret,proper,foster,3,less_conv,convenient,problematic,not_recom
413,great_pret,proper,foster,3,less_conv,convenient,problematic,priority
414,great_pret,proper,foster,3,less_conv,convenient,slightly_prob,not_recom
415,great_pret,proper,foster,3,less_conv,inconv,problematic,priority
416,great_pret,proper,foster,more,convenient,convenient,problematic,recommended
417,great_pret,proper,foster,more,convenient,inconv,problematic,priority
418,great_pret,proper,foster,more,critical,convenient,slightly_prob,recommended
419,great_pret,proper,foster,more,critical,inconv,nonprob,recommended
420,great_pret,proper,foster,more,less_conv,convenient,nonprob,recommended
421,great_pret,proper,foster,more,less_conv,convenient,problematic,priority
422,great_pret,proper,foster,more,less_conv,convenient,problematic,recommended
423,great_pret,proper,incomplete,1,critical,inconv,nonprob,priority
424,great_pret,proper,incomplete,1,less_conv,convenient,slightly_prob,not_recom
425,great_pret,proper,incomplete,1,less_conv,inconv,problematic,priority
426,great_pret,proper,incomplete,2,convenient,convenient,nonprob,not_recom
427,great_pret,proper,incomplete,2,convenient,convenient,slightly_prob,not_recom
428,great_pret,proper,incomplete,2,convenient,inconv,slightly_prob,priority
429,great_pret,proper,incomplete,2,critical,convenient,slightly_prob,not_recom
430,great_pret,proper,incomplete,2,critical,inconv,problematic,recommended
431,great_pret,proper,incomplete,2,less_conv,convenient,slightly_prob,recommended
432,great_pret,proper,incomplete,2,less_conv,inconv,problematic,priority
433,great_pret,proper,incomplete,2,less_conv,inconv,slightly_prob,recommended
434,great_pret,proper,incomplete,3,convenient,convenient,problematic,priority
435,great_pret,proper,incomplete,3,convenient,inconv,nonprob,priority
436,great_pret,proper,incomplete,3,convenient,inconv,nonprob,recommended
437,great_pret,proper,incomplete,3,critical,convenient,nonprob,priority
438,great_pret,proper,incomplete,3,critical,inconv,nonprob,not_recom
439,great_pret,proper,incomplete,3,critical,inconv,nonprob,priority
440,great_pret,proper,incomplete,3,critical,inconv,slightly_prob,not_recom
441,great_pret,proper,incomplete,3,less_conv,convenient,nonprob,priority
442,great_pret,proper,incomplete,3,less_conv,inconv,problematic,recommended
443,great_pret,proper,incomplete,3,less_conv,inconv,slightly_prob,recommended
444,great_pret,proper,incomplete,more,convenient,convenient,problematic,not_recom
445,great_pret,proper,incomplete,more,convenient,convenient,slightly_prob,not_recom
446,great_pret,proper,incomplete,more,convenient,convenient,slightly_prob,recommended
447,great_pret,proper,incomplete,more,convenient,inconv,problematic,recommended
448,great_pret,proper,incomplete,more,critical,inconv,slightly_prob,not_recom
449,great_pret,proper,incomplete,more,less_conv,convenient,problematic,not_recom
450,great_pret,proper,incomplete,more,less_conv,convenient,slightly_prob,priority
451,great_pret,proper,incomplete,more,less_conv,inconv,nonprob,priority
452,great_pret,proper,incomplete,more,less_conv,inconv,problematic,recommended
453,pretentious,critical,complete,1,convenient,convenient,nonprob,not_recom
454,pretentious,critical,complete,1,convenient,convenient,problematic,priority
455,pretentious,critical,complete,1,convenient,convenient,slightly_prob,recommended
456,pretentious,critical,complete,1,convenient,inconv,problematic,priority
457,pretentious,critical,complete,1,convenient,inconv,slightly_prob,recommended
458,pretentious,critical,complete,1,critical,inconv,slightly_prob,priority
459,pretentious,critical,complete,1,less_conv,convenient,problematic,not_recom
460,pretentious,critical,complete,1,less_conv,inconv,nonprob,recommended
461,pretentious,critical,complete,1,less_conv,inconv,slightly_prob,not_recom
462,pretentious,critical,complete,2,convenient,convenient,nonprob,not_recom
463,pretentious,critical,complete,2,critical,convenient,problematic,recommended
464,pretentious,critical,complete,2,critical,inconv,slightly_prob,not_recom
465,pretentious,critical,complete,2,critical,inconv,slightly_prob,recommended
466,pretentious,critical,complete,2,less_conv,inconv,problematic,not_recom
467,pretentious,critical,complete,2,less_conv,inconv,problematic,recommended
468,pretentious,critical,complete,2,less_conv,inconv,slightly_prob,not_recom
469,pretentious,critical,complete,3,convenient,convenient,nonprob,recommended
470,pretentious,critical,complete,3,convenient,inconv,nonprob,priority
471,pretentious,critical,complete,3,convenient,inconv,slightly_prob,not_recom
472,pretentious,critical,complete,3,critical,convenient,slightly_prob,not_recom
473,pretentious,critical,complete,3,critical,inconv,nonprob,not_recom
474,pretentious,critical,complete,3,less_conv,inconv,slightly_prob,priority
475,pretentious,critical,complete,more,convenient,convenient,nonprob,not_recom
476,pretentious,critical,complete,more,convenient,convenient,problematic,recommended
477,pretentious,critical,complete,more,convenient,convenient,slightly_prob,recommended
478,pretentious,critical,complete,more,convenient,inconv,nonprob,recommended
479,pretentious,critical,complete,more,convenient,inconv,problematic,not_recom
480,pretentious,critical,complete,more,convenient,inconv,problematic,recommended
481,pretentious,critical,complete,more,critical,convenient,slightly_prob,not_recom
482,pretentious,critical,complete,more,critical,convenient,slightly_prob,priority
483,pretentious,critical,complete,more,critical,convenient,slightly_prob,recommended
484,pretentious,critical,complete,more,critical,inconv,problematic,not_recom
485,pretentious,critical,complete,more,less_conv,convenient,nonprob,priority
486,pretentious,critical,completed,1,convenient,inconv,nonprob,recommended
487,pretentious,critical,completed,1,convenient,inconv,slightly_prob,recommended
488,pretentious,critical,completed,1,critical,convenient,slightly_prob,recommended
489,pretentious,critical,completed,1,critical,inconv,problematic,priority
490,pretentious,critical,completed,1,critical,inconv,slightly_prob,priority
491,pretentious,critical,completed,1,less_conv,convenient,problematic,recommended
492,pretentious,critical,completed,1,less_conv,convenient,slightly_prob,recommended
493,pretentious,critical,completed,1,less_conv,inconv,problematic,not_recom
494,pretentious,critical,completed,2,convenient,convenient,slightly_prob,not_recom
495,pretentious,critical,completed,2,convenient,convenient,slightly_prob,priority
496,pretentious,critical,completed,2,critical,convenient,slightly_prob,recommended
497,pretentious,critical,completed,2,critical,inconv,slightly_prob,not_recom
498,pretentious,critical,completed,2,less_conv,convenient,problematic,priority
499,pretentious,critical,completed,2,less_conv,inconv,slightly_prob,not_recom
500,pretentious,critical,completed,3,convenient,convenient,nonprob,priority
501,pretentious,critical,completed,3,convenient,inconv,nonprob,not_recom
502,pretentious,critical,completed,3,convenient,inconv,nonprob,priority
503,pretentious,critical,completed,3,convenient,inconv,nonprob,recommended
504,pretentious,critical,completed,3,critical,convenient,problematic,recommended
505,pretentious,critical,completed,3,critical,inconv,nonprob,priority
506,pretentious,critical,completed,3,critical,inconv,slightly_prob,not_recom
507,pretentious,critical,completed,3,critical,inconv,slightly_prob,recommended
508,pretentious,critical,completed,3,less_conv,convenient,nonprob,not_recom
509,pretentious,critical,completed,3,less_conv,convenient,nonprob,recommended
510,pretentious,critical,completed,3,less_conv,inconv,problematic,recommended
511,pretentious,critical,completed,more,convenient,convenient,slightly_prob,priority
512,pretentious,critical,completed,more,convenient,convenient,slightly_prob,recommended
513,pretentious,critical,completed,more,convenient,inconv,problematic,recommended
514,pretentious,critical,completed,more,convenient,inconv,slightly_prob,not_recom
515,pretentious,critical,completed,more,convenient,inconv,slightly_prob,recommended
516,pretentious,critical,completed,more,critical,convenient,nonprob,not_recom
517,pretentious,critical,completed,more,critical,inconv,slightly_prob,not_recom
518,pretentious,critical,completed,more,less_conv,convenient,nonprob,not_recom
519,pretentious,critical,completed,more,less_conv,convenient,nonprob,recommended
520,pretentious,critical,completed,more,less_conv,inconv,nonprob,priority
521,pretentious,critical,completed,more,less_conv,inconv,nonprob,recommended
522,pretentious,critical,completed,more,less_conv,inconv,problematic,priority
523,pretentious,critical,completed,more,less_conv,inconv,problematic,recommended
524,pretentious,critical,completed,more,less_conv,inconv,slightly_prob,priority
525,pretentious,critical,foster,1,convenient,convenient,nonprob,not_recom
526,pretentious,critical,foster,1,convenient,convenient,nonprob,recommended
527,pretentious,critical,foster,1,convenient,convenient,slightly_prob,not_recom
528,pretentious,critical,foster,1,convenient,convenient,slightly_prob,priority
529,pretentious,critical,foster,1,convenient,inconv,nonprob,recommended
530,pretentious,critical,foster,1,convenient,inconv,slightly_prob,recommended
531,pretentious,critical,foster,1,critical,convenient,nonprob,not_recom
532,pretentious,critical,foster,1,critical,inconv,nonprob,not_recom
533,pretentious,critical,foster,1,critical,inconv,nonprob,priority
534,pretentious,critical,foster,1,critical,inconv,nonprob,recommended
535,pretentious,critical,foster,1,less_conv,convenient,nonprob,not_recom
536,pretentious,critical,foster,1,less_conv,convenient,problematic,recommended
537,pretentious,critical,foster,1,less_conv,inconv,slightly_prob,not_recom
538,pretentious,critical,foster,2,convenient,inconv,problematic,priority
539,pretentious,critical,foster,2,less_conv,convenient,nonprob,recommended
540,pretentious,critical,foster,2,less_conv,convenient,slightly_prob,not_recom
541,pretentious,critical,foster,2,less_conv,convenient,slightly_prob,priority
542,pretentious,critical,foster,2,less_conv,inconv,problematic,not_recom
543,pretentious,critical,foster,2,less_conv,inconv,problematic,priority
544,pretentious,critical,foster,2,less_conv,inconv,slightly_prob,priority
545,pretentious,critical,foster,3,convenient,convenient,problematic,not_recom
546,pretentious,critical,foster,3,convenient,convenient,slightly_prob,priority
547,pretentious,critical,foster,3,convenient,inconv,problematic,priority
548,pretentious,critical,foster,3,convenient,inconv,problematic,recommended
549,pretentious,critical,foster,3,convenient,inconv,slightly_prob,not_recom
550,pretentious,critical,foster,3,critical,convenient,slightly_prob,not_recom
551,pretentious,critical,foster,3,critical,convenient,slightly_prob,recommended
552,pretentious,critical,foster,3,critical,inconv,nonprob,priority
553,pretentious,critical,foster,3,critical,inconv,problematic,not_recom
554,pretentious,critical,foster,3,critical,inconv,problematic,priority
555,pretentious,critical,foster,3,less_conv,convenient,slightly_prob,recommended
556,pretentious,critical,foster,3,less_conv,inconv,problematic,not_recom
557,pretentious,critical,foster,3,less_conv,inconv,problematic,priority
558,pretentious,critical,foster,3,less_conv,inconv,problematic,recommended
559,pretentious,critical,foster,3,less_conv,inconv,slightly_prob,priority
560,pretentious,critical,foster,more,convenient,convenient,nonprob,priority
561,pretentious,critical,foster,more,convenient,convenient,slightly_prob,priority
562,pretentious,critical,foster,more,critical,convenient,nonprob,not_recom
563,pretentious,critical,foster,more,critical,convenient,nonprob,recommended
564,pretentious,critical,foster,more,critical,convenient,problematic,priority
565,pretentious,critical,foster,more,critical,inconv,slightly_prob,recommended
566,pretentious,critical,foster,more,less_conv,convenient,slightly_prob,not_recom
567,pretentious,critical,foster,more,less_conv,inconv,nonprob,not_recom
568,pretentious,critical,foster,more,less_conv,inconv,nonprob,recommended
569,pretentious,critical,foster,more,less_conv,inconv,problematic,not_recom
570,pretentious,critical,foster,more,less_conv,inconv,problematic,recommended
571,pretentious,critical,foster,more,less_conv,inconv,slightly_prob,not_recom
572,pretentious,critical,foster,more,less_conv,inconv,slightly_prob,recommended
573,pretentious,critical,incomplete,1,convenient,convenient,nonprob,recommended
574,pretentious,critical,incomplete,1,convenient,convenient,slightly_prob,recommended
575,pretentious,critical,incomplete,1,convenient,inconv,nonprob,priority
576,pretentious,critical,incomplete,1,critical,convenient,nonprob,priority
577,pretentious,critical,incomplete,1,critical,convenient,problematic,not_recom
578,pretentious,critical,incomplete,1,critical,convenient,slightly_prob,not_recom
579,pretentious,critical,incomplete,1,critical,convenient,slightly_prob,priority
580,pretentious,critical,incomplete,1,critical,inconv,nonprob,recommended
581,pretentious,critical,incomplete,1,critical,inconv,slightly_prob,recommended
582,pretentious,critical,incomplete,1,less_conv,convenient,problematic,recommended
583,pretentious,critical,incomplete,1,less_conv,inconv,slightly_prob,priority
584,pretentious,critical,incomplete,2,convenient,convenient,nonprob,recommended
585,pretentious,critical,incomplete,2,convenient,convenient,problematic,recommended
586,pretentious,critical,incomplete,2,convenient,convenient,slightly_prob,priority
587,pretentious,critical,incomplete,2,convenient,inconv,nonprob,not_recom
588,pretentious,critical,incomplete,2,critical,convenient,problematic,priority
589,pretentious,critical,incomplete,2,critical,convenient,slightly_prob,not_recom
590,pretentious,critical,incomplete,2,critical,inconv,nonprob,priority
591,pretentious,critical,incomplete,2,critical,inconv,slightly_prob,priority
592,pretentious,critical,incomplete,2,less_conv,convenient,slightly_prob,priority
593,pretentious,critical,incomplete,2,less_conv,convenient,slightly_prob,recommended
594,pretentious,critical,incomplete,2,less_conv,inconv,problematic,priority
595,pretentious,critical,incomplete,2,less_conv,inconv,slightly_prob,not_recom
596,pretentious,critical,incomplete,2,less_conv,inconv,slightly_prob,recommended
597,pretentious,critical,incomplete,3,convenient,convenient,nonprob,not_recom
598,pretentious,critical,incomplete,3,convenient,inconv,nonprob,recommended
599,pretentious,critical,incomplete,3,convenient,inconv,problematic,not_recom
600,pretentious,critical,incomplete,3,convenient,inconv,problematic,priority
601,pretentious,critical,incomplete,3,critical,inconv,nonprob,not_recom
602,pretentious,critical,incomplete,3,less_conv,convenient,nonprob,not_recom
603,pretentious,critical,incomplete,3,less_conv,convenient,nonprob,recommended
604,pretentious,critical,incomplete,3,less_conv,convenient,problematic,recommended
605,pretentious,critical,incomplete,more,convenient,convenient,nonprob,priority
606,pretentious,critical,incomplete,more,convenient,convenient,problematic,priority
607,pretentious,critical,incomplete,more,convenient,inconv,nonprob,priority
608,pretentious,critical,incomplete,more,convenient,inconv,slightly_prob,priority
609,pretentious,critical,incomplete,more,critical,inconv,problematic,not_recom
610,pretentious,critical,incomplete,more,critical,inconv,problematic,recommended
611,pretentious,critical,incomplete,more,less_conv,inconv,slightly_prob,not_recom
612,pretentious,improper,complete,1,convenient,convenient,nonprob,not_recom
613,pretentious,improper,complete,1,convenient,inconv,nonprob,not_recom
614,pretentious,improper,complete,1,less_conv,inconv,nonprob,recommended
615,pretentious,improper,complete,2,convenient,convenient,nonprob,not_recom
616,pretentious,improper,complete,2,convenient,convenient,nonprob,priority
617,pretentious,improper,complete,2,convenient,convenient,problematic,not_recom
618,pretentious,improper,complete,2,convenient,convenient,slightly_prob,priority
619,pretentious,improper,complete,2,critical,convenient,problematic,not_recom
620,pretentious,improper,complete,2,less_conv,inconv,problematic,recommended
621,pretentious,improper,complete,3,convenient,inconv,nonprob,not_recom
622,pretentious,improper,complete,3,convenient,inconv,problematic,priority
623,pretentious,improper,complete,3,convenient,inconv,slightly_prob,recommended
624,pretentious,improper,complete,3,critical,convenient,slightly_prob,not_recom
625,pretentious,improper,complete,3,less_conv,convenient,nonprob,recommended
626,pretentious,improper,complete,3,less_conv,inconv,nonprob,recommended
627,pretentious,improper,complete,more,convenient,convenient,slightly_prob,priority
628,pretentious,improper,complete,more,convenient,inconv,nonprob,priority
629,pretentious,improper,complete,more,critical,convenient,problematic,not_recom
630,pretentious,improper,complete,more,critical,convenient,problematic,recommended
631,pretentious,improper,complete,more,critical,inconv,nonprob,recommended
632,pretentious,improper,completed,1,convenient,convenient,problematic,not_recom
633,pretentious,improper,completed,1,convenient,inconv,problematic,not_recom
634,pretentious,improper,completed,1,critical,convenient,slightly_prob,recommended
635,pretentious,improper,completed,1,critical,inconv,problematic,not_recom
636,pretentious,improper,completed,1,critical,inconv,problematic,priority
637,pretentious,improper,completed,1,less_conv,convenient,nonprob,not_recom
638,pretentious,improper,completed,1,less_conv,convenient,problematic,not_recom
639,pretentious,improper,completed,1,less_conv,inconv,problematic,priority
640,pretentious,improper,completed,1,less_conv,inconv,slightly_prob,recommended
641,pretentious,improper,completed,2,convenient,convenient,problematic,recommended
642,pretentious,improper,completed,2,convenient,inconv,nonprob,not_recom
643,pretentious,improper,completed,2,convenient,inconv,problematic,not_recom
644,pretentious,improper,completed,2,convenient,inconv,slightly_prob,not_recom
645,pretentious,improper,completed,2,critical,inconv,problematic,recommended
646,pretentious,improper,completed,2,less_conv,convenient,problematic,not_recom
647,pretentious,improper,completed,2,less_conv,inconv,problematic,not_recom
648,pretentious,improper,completed,2,less_conv,inconv,slightly_prob,recommended
649,pretentious,improper,completed,3,convenient,convenient,slightly_prob,priority
650,pretentious,improper,completed,3,critical,inconv,problematic,not_recom
651,pretentious,improper,completed,3,less_conv,convenient,nonprob,not_recom
652,pretentious,improper,completed,3,less_conv,convenient,problematic,not_recom
653,pretentious,improper,completed,more,convenient,convenient,slightly_prob,not_recom
654,pretentious,improper,completed,more,less_conv,convenient,problematic,recommended
655,pretentious,improper,completed,more,less_conv,convenient,slightly_prob,priority
656,pretentious,improper,foster,1,convenient,inconv,nonprob,recommended
657,pretentious,improper,foster,1,critical,inconv,nonprob,recommended
658,pretentious,improper,foster,1,critical,inconv,problematic,recommended
659,pretentious,improper,foster,1,less_conv,convenient,problematic,not_recom
660,pretentious,improper,foster,1,less_conv,inconv,nonprob,priority
661,pretentious,improper,foster,2,convenient,convenient,nonprob,not_recom
662,pretentious,improper,foster,2,convenient,convenient,slightly_prob,priority
663,pretentious,improper,foster,2,convenient,inconv,nonprob,not_recom
664,pretentious,improper,foster,2,critical,convenient,nonprob,priority
665,pretentious,improper,foster,2,critical,convenient,problematic,not_recom
666,pretentious,improper,foster,2,less_conv,convenient,nonprob,not_recom
667,pretentious,improper,foster,2,less_conv,inconv,nonprob,recommended
668,pretentious,improper,foster,2,less_conv,inconv,slightly_prob,recommended
669,pretentious,improper,foster,3,convenient,convenient,problematic,not_recom
670,pretentious,improper,foster,3,convenient,inconv,nonprob,priority
671,pretentious,improper,foster,3,critical,convenient,problematic,priority
672,pretentious,improper,foster,3,less_conv,inconv,slightly_prob,recommended
673,pretentious,improper,foster,more,convenient,inconv,nonprob,priority
674,pretentious,improper,foster,more,convenient,inconv,nonprob,recommended
675,pretentious,improper,foster,more,critical,convenient,problematic,not_recom
676,pretentious,improper,foster,more,critical,convenient,problematic,priority
677,pretentious,improper,foster,more,critical,convenient,slightly_prob,recommended
678,pretentious,improper,foster,more,less_conv,inconv,nonprob,not_recom
679,pretentious,improper,foster,more,less_conv,inconv,problematic,priority
680,pretentious,improper,foster,more,less_conv,inconv,slightly_prob,not_recom
681,pretentious,improper,incomplete,1,convenient,convenient,problematic,not_recom
682,pretentious,improper,incomplete,1,convenient,inconv,slightly_prob,recommended
683,pretentious,improper,incomplete,1,less_conv,inconv,nonprob,priority
684,pretentious,improper,incomplete,1,less_conv,inconv,nonprob,recommended
685,pretentious,improper,incomplete,2,convenient,convenient,nonprob,not_recom
686,pretentious,improper,incomplete,2,convenient,convenient,nonprob,recommended
687,pretentious,improper,incomplete,2,convenient,inconv,problematic,priority
688,pretentious,improper,incomplete,2,critical,convenient,nonprob,not_recom
689,pretentious,improper,incomplete,2,critical,convenient,slightly_prob,not_recom
690,pretentious,improper,incomplete,2,critical,inconv,nonprob,not_recom
691,pretentious,improper,incomplete,2,critical,inconv,nonprob,recommended
692,pretentious,improper,incomplete,2,critical,inconv,problematic,recommended
693,pretentious,improper,incomplete,2,less_conv,convenient,slightly_prob,priority
694,pretentious,improper,incomplete,3,convenient,convenient,problematic,priority
695,pretentious,improper,incomplete,3,convenient,inconv,slightly_prob,priority
696,pretentious,improper,incomplete,3,convenient,inconv,slightly_prob,recommended
697,pretentious,improper,incomplete,3,less_conv,convenient,slightly_prob,priority
698,pretentious,improper,incomplete,more,convenient,convenient,problematic,not_recom
699,pretentious,improper,incomplete,more,critical,convenient,nonprob,not_recom
700,pretentious,improper,incomplete,more,critical,convenient,slightly_prob,not_recom
701,pretentious,improper,incomplete,more,less_conv,inconv,nonprob,priority
702,pretentious,improper,incomplete,more,less_conv,inconv,nonprob,recommended
703,pretentious,less_proper,complete,1,convenient,convenient,nonprob,not_recom
704,pretentious,less_proper,complete,1,critical,inconv,nonprob,not_recom
705,pretentious,less_proper,complete,1,critical,inconv,nonprob,priority
706,pretentious,less_proper,complete,1,critical,inconv,slightly_prob,recommended
707,pretentious,less_proper,complete,2,convenient,convenient,problematic,priority
708,pretentious,less_proper,complete,2,convenient,inconv,problematic,not_recom
709,pretentious,less_proper,complete,2,convenient,inconv,slightly_prob,recommended
710,pretentious,less_proper,complete,2,critical,convenient,nonprob,not_recom
711,pretentious,less_proper,complete,2,less_conv,inconv,slightly_prob,not_recom
712,pretentious,less_proper,complete,3,critical,convenient,nonprob,recommended
713,pretentious,less_proper,complete,3,critical,convenient,problematic,not_recom
714,pretentious,less_proper,complete,3,critical,convenient,problematic,priority
715,pretentious,less_proper,complete,3,less_conv,convenient,nonprob,priority
716,pretentious,less_proper,complete,3,less_conv,convenient,slightly_prob,not_recom
717,pretentious,less_proper,complete,more,convenient,convenient,nonprob,priority
718,pretentious,less_proper,complete,more,critical,inconv,nonprob,recommended
719,pretentious,less_proper,complete,more,critical,inconv,problematic,recommended
720,pretentious,less_proper,complete,more,less_conv,convenient,slightly_prob,not_recom
721,pretentious,less_proper,complete,more,less_conv,inconv,slightly_prob,not_recom
722,pretentious,less_proper,complete,more,less_conv,inconv,slightly_prob,priority
723,pretentious,less_proper,completed,1,convenient,convenient,slightly_prob,priority
724,pretentious,less_proper,completed,1,convenient,inconv,nonprob,priority
725,pretentious,less_proper,completed,1,convenient,inconv,slightly_prob,priority
726,pretentious,less_proper,completed,1,critical,convenient,nonprob,recommended
727,pretentious,less_proper,completed,1,less_conv,inconv,slightly_prob,recommended
728,pretentious,less_proper,completed,2,convenient,convenient,nonprob,recommended
729,pretentious,less_proper,completed,2,convenient,convenient,slightly_prob,priority
730,pretentious,less_proper,completed,2,convenient,inconv,slightly_prob,priority
731,pretentious,less_proper,completed,2,critical,convenient,nonprob,not_recom
732,pretentious,less_proper,completed,2,less_conv,convenient,nonprob,not_recom
733,pretentious,less_proper,completed,2,less_conv,inconv,nonprob,recommended
734,pretentious,less_proper,completed,2,less_conv,inconv,problematic,priority
735,pretentious,less_proper,completed,3,convenient,convenient,slightly_prob,not_recom
736,pretentious,less_proper,completed,3,convenient,inconv,slightly_prob,recommended
737,pretentious,less_proper,completed,3,critical,convenient,slightly_prob,recommended
738,pretentious,less_proper,completed,3,less_conv,convenient,problematic,priority
739,pretentious,less_proper,completed,3,less_conv,convenient,slightly_prob,not_recom
740,pretentious,less_proper,completed,3,less_conv,inconv,problematic,priority
741,pretentious,less_proper,completed,3,less_conv,inconv,slightly_prob,priority
742,pretentious,less_proper,completed,more,convenient,inconv,nonprob,priority
743,pretentious,less_proper,completed,more,critical,inconv,slightly_prob,not_recom
744,pretentious,less_proper,foster,1,convenient,convenient,nonprob,not_recom
745,pretentious,less_proper,foster,1,convenient,convenient,problematic,recommended
746,pretentious,less_proper,foster,1,convenient,inconv,problematic,recommended
747,pretentious,less_proper,foster,1,less_conv,inconv,slightly_prob,recommended
748,pretentious,less_proper,foster,2,convenient,convenient,problematic,not_recom
749,pretentious,less_proper,foster,2,convenient,inconv,slightly_prob,priority
750,pretentious,less_proper,foster,2,critical,convenient,slightly_prob,recommended
751,pretentious,less_proper,foster,2,critical,inconv,nonprob,priority
752,pretentious,less_proper,foster,2,critical,inconv,problematic,priority
753,pretentious,less_proper,foster,3,convenient,convenient,nonprob,priority
754,pretentious,less_proper,foster,3,convenient,convenient,nonprob,recommended
755,pretentious,less_proper,foster,3,convenient,inconv,problematic,recommended
756,pretentious,less_proper,foster,3,critical,convenient,nonprob,recommended
757,pretentious,less_proper,foster,3,less_conv,inconv,slightly_prob,priority
758,pretentious,less_proper,foster,more,convenient,convenient,problematic,priority
759,pretentious,less_proper,foster,more,convenient,convenient,slightly_prob,priority
760,pretentious,less_proper,foster,more,critical,convenient,problematic,not_recom
761,pretentious,less_proper,foster,more,less_conv,convenient,nonprob,not_recom
762,pretentious,less_proper,foster,more,less_conv,convenient,slightly_prob,priority
763,pretentious,less_proper,foster,more,less_conv,convenient,slightly_prob,recommended
764,pretentious,less_proper,incomplete,1,critical,inconv,nonprob,not_recom
765,pretentious,less_proper,incomplete,1,less_conv,convenient,problematic,priority
766,pretentious,less_proper,incomplete,1,less_conv,convenient,slightly_prob,recommended
767,pretentious,less_proper,incomplete,1,less_conv,inconv,slightly_prob,recommended
768,pretentious,less_proper,incomplete,2,convenient,convenient,slightly_prob,recommended
769,pretentious,less_proper,incomplete,2,convenient,inconv,nonprob,recommended
770,pretentious,less_proper,incomplete,2,convenient,inconv,problematic,priority
771,pretentious,less_proper,incomplete,2,less_conv,inconv,slightly_prob,not_recom
772,pretentious,less_proper,incomplete,3,convenient,convenient,problematic,not_recom
773,pretentious,less_proper,incomplete,3,convenient,inconv,problematic,priority
774,pretentious,less_proper,incomplete,3,convenient,inconv,slightly_prob,not_recom
775,pretentious,less_proper,incomplete,3,critical,convenient,nonprob,priority
776,pretentious,less_proper,incomplete,3,less_conv,convenient,nonprob,not_recom
777,pretentious,less_proper,incomplete,3,less_conv,convenient,nonprob,recommended
778,pretentious,less_proper,incomplete,3,less_conv,convenient,problematic,not_recom
779,pretentious,less_proper,incomplete,more,convenient,convenient,problematic,recommended
780,pretentious,less_proper,incomplete,more,convenient,inconv,nonprob,priority
781,pretentious,less_proper,incomplete,more,critical,inconv,problematic,not_recom
782,pretentious,less_proper,incomplete,more,critical,inconv,problematic,priority
783,pretentious,less_proper,incomplete,more,less_conv,inconv,nonprob,priority
784,pretentious,less_proper,incomplete,more,less_conv,inconv,problematic,recommended
785,pretentious,proper,complete,1,convenient,convenient,problematic,priority
786,pretentious,proper,complete,1,convenient,convenient,slightly_prob,priority
787,pretentious,proper,complete,1,critical,convenient,problematic,priority
788,pretentious,proper,complete,1,critical,inconv,problematic,priority
789,pretentious,proper,complete,1,less_conv,convenient,nonprob,recommended
790,pretentious,proper,complete,1,less_conv,convenient,problematic,priority
791,pretentious,proper,complete,1,less_conv,inconv,nonprob,priority
792,pretentious,proper,complete,1,less_conv,inconv,slightly_prob,not_recom
793,pretentious,proper,complete,2,convenient,inconv,problematic,recommended
794,pretentious,proper,complete,2,critical,convenient,nonprob,not_recom
795,pretentious,proper,complete,2,critical,convenient,problematic,recommended
796,pretentious,proper,complete,2,critical,convenient,slightly_prob,priority
797,pretentious,proper,complete,2,less_conv,convenient,problematic,recommended
798,pretentious,proper,complete,2,less_conv,convenient,slightly_prob,not_recom
799,pretentious,proper,complete,2,less_conv,inconv,slightly_prob,recommended
800,pretentious,proper,complete,3,convenient,inconv,nonprob,priority
801,pretentious,proper,complete,3,convenient,inconv,slightly_prob,not_recom
802,pretentious,proper,complete,3,convenient,inconv,slightly_prob,recommended
803,pretentious,proper,complete,3,critical,convenient,problematic,not_recom
804,pretentious,proper,complete,3,critical,convenient,slightly_prob,not_recom
805,pretentious,proper,complete,3,less_conv,inconv,problematic,not_recom
806,pretentious,proper,complete,more,convenient,convenient,slightly_prob,not_recom
807,pretentious,proper,complete,more,critical,convenient,nonprob,recommended
808,pretentious,proper,complete,more,critical,inconv,problematic,priority
809,pretentious,proper,complete,more,less_conv,convenient,nonprob,not_recom
810,pretentious,proper,complete,more,less_conv,convenient,problematic,recommended
811,pretentious,proper,completed,1,convenient,inconv,nonprob,not_recom
812,pretentious,proper,completed,1,convenient,inconv,slightly_prob,recommended
813,pretentious,proper,completed,1,critical,convenient,problematic,priority
814,pretentious,proper,completed,1,critical,convenient,slightly_prob,not_recom
815,pretentious,proper,completed,1,less_conv,convenient,nonprob,not_recom
816,pretentious,proper,completed,1,less_conv,convenient,problematic,not_recom
817,pretentious,proper,completed,1,less_conv,convenient,slightly_prob,recommended
818,pretentious,proper,completed,2,convenient,inconv,nonprob,not_recom
819,pretentious,proper,completed,2,convenient,inconv,slightly_prob,not_recom
820,pretentious,proper,completed,2,critical,convenient,slightly_prob,recommended
821,pretentious,proper,completed,2,critical,inconv,problematic,priority
822,pretentious,proper,completed,2,less_conv,inconv,nonprob,not_recom
823,pretentious,proper,completed,2,less_conv,inconv,slightly_prob,recommended
824,pretentious,proper,completed,3,convenient,inconv,problematic,priority
825,pretentious,proper,completed,3,critical,convenient,problematic,not_recom
826,pretentious,proper,completed,more,critical,inconv,nonprob,priority
827,pretentious,proper,completed,more,less_conv,convenient,problematic,priority
828,pretentious,proper,completed,more,less_conv,convenient,problematic,recommended
829,pretentious,proper,completed,more,less_conv,convenient,slightly_prob,recommended
830,pretentious,proper,foster,1,convenient,convenient,slightly_prob,not_recom
831,pretentious,proper,foster,1,convenient,convenient,slightly_prob,priority
832,pretentious,proper,foster,1,convenient,convenient,slightly_prob,recommended
833,pretentious,proper,foster,1,convenient,inconv,nonprob,recommended
834,pretentious,proper,foster,1,convenient,inconv,slightly_prob,priority
835,pretentious,proper,foster,1,critical,inconv,nonprob,priority
836,pretentious,proper,foster,2,convenient,convenient,problematic,priority
837,pretentious,proper,foster,2,less_conv,inconv,nonprob,not_recom
838,pretentious,proper,foster,2,less_conv,inconv,slightly_prob,recommended
839,pretentious,proper,foster,3,critical,inconv,nonprob,not_recom
840,pretentious,proper,foster,3,less_conv,convenient,nonprob,not_recom
841,pretentious,proper,foster,3,less_conv,inconv,slightly_prob,priority
842,pretentious,proper,foster,more,convenient,convenient,nonprob,recommended
843,pretentious,proper,foster,more,convenient,convenient,problematic,priority
844,pretentious,proper,foster,more,convenient,inconv,slightly_prob,priority
845,pretentious,proper,foster,more,critical,inconv,slightly_prob,recommended
846,pretentious,proper,foster,more,less_conv,inconv,nonprob,not_recom
847,pretentious,proper,foster,more,less_conv,inconv,nonprob,recommended
848,pretentious,proper,foster,more,less_conv,inconv,slightly_prob,recommended
849,pretentious,proper,incomplete,1,convenient,convenient,problematic,recommended
850,pretentious,proper,incomplete,1,convenient,convenient,slightly_prob,recommended
851,pretentious,proper,incomplete,1,convenient,inconv,problematic,recommended
852,pretentious,proper,incomplete,1,less_conv,inconv,slightly_prob,priority
853,pretentious,proper,incomplete,2,convenient,convenient,nonprob,not_recom
854,pretentious,proper,incomplete,2,convenient,inconv,problematic,not_recom
855,pretentious,proper,incomplete,2,critical,convenient,problematic,not_recom
856,pretentious,proper,incomplete,2,less_conv,inconv,problematic,not_recom
857,pretentious,proper,incomplete,2,less_conv,inconv,problematic,recommended
858,pretentious,proper,incomplete,3,convenient,convenient,slightly_prob,recommended
859,pretentious,proper,incomplete,3,convenient,inconv,problematic,not_recom
860,pretentious,proper,incomplete,3,convenient,inconv,slightly_prob,not_recom
861,pretentious,proper,incomplete,3,critical,convenient,slightly_prob,not_recom
862,pretentious,proper,incomplete,3,less_conv,convenient,nonprob,priority
863,pretentious,proper,incomplete,3,less_conv,inconv,slightly_prob,not_recom
864,pretentious,proper,incomplete,more,convenient,convenient,slightly_prob,not_recom
865,pretentious,proper,incomplete,more,critical,convenient,slightly_prob,not_recom
866,pretentious,proper,incomplete,more,critical,inconv,problematic,priority
867,pretentious,proper,incomplete,more,less_conv,inconv,nonprob,not_recom
868,pretentious,proper,incomplete,more,less_conv,inconv,nonprob,priority
869,usual,critical,complete,1,convenient,convenient,nonprob,recommended
870,usual,critical,complete,1,convenient,inconv,nonprob,priority
871,usual,critical,complete,1,convenient,inconv,slightly_prob,priority
872,usual,critical,complete,1,critical,convenient,nonprob,priority
873,usual,critical,complete,1,critical,inconv,nonprob,priority
874,usual,critical,complete,1,critical,inconv,problematic,not_recom
875,usual,critical,complete,1,less_conv,convenient,nonprob,not_recom
876,usual,critical,complete,1,less_conv,convenient,problematic,recommended
877,usual,critical,complete,1,less_conv,inconv,nonprob,recommended
878,usual,critical,complete,2,convenient,convenient,problematic,recommended
879,usual,critical,complete,2,convenient,convenient,slightly_prob,not_recom
880,usual,critical,complete,2,convenient,inconv,slightly_prob,not_recom
881,usual,critical,complete,2,convenient,inconv,slightly_prob,priority
882,usual,critical,complete,2,critical,convenient,problematic,not_recom
883,usual,critical,complete,2,critical,convenient,slightly_prob,priority
884,usual,critical,complete,2,critical,inconv,nonprob,priority
885,usual,critical,complete,2,critical,inconv,problematic,not_recom
886,usual,critical,complete,2,less_conv,convenient,slightly_prob,not_recom
887,usual,critical,complete,3,convenient,inconv,nonprob,priority
888,usual,critical,complete,3,convenient,inconv,slightly_prob,not_recom
889,usual,critical,complete,3,critical,convenient,nonprob,not_recom
890,usual,critical,complete,3,critical,convenient,problematic,priority
891,usual,critical,complete,3,critical,convenient,slightly_prob,not_recom
892,usual,critical,complete,3,critical,inconv,nonprob,priority
893,usual,critical,complete,3,critical,inconv,problematic,not_recom
894,usual,critical,complete,3,less_conv,convenient,nonprob,recommended
895,usual,critical,complete,3,less_conv,convenient,problematic,recommended
896,usual,critical,complete,more,convenient,convenient,problematic,priority
897,usual,critical,complete,more,convenient,inconv,slightly_prob,not_recom
898,usual,critical,complete,more,convenient,inconv,slightly_prob,priority
899,usual,critical,complete,more,critical,convenient,nonprob,not_recom
900,usual,critical,complete,more,critical,convenient,slightly_prob,not_recom
901,usual,critical,complete,more,critical,inconv,slightly_prob,priority
902,usual,critical,complete,more,critical,inconv,slightly_prob,recommended
903,usual,critical,complete,more,less_conv,convenient,nonprob,recommended
904,usual,critical,complete,more,less_conv,convenient,problematic,not_recom
905,usual,critical,complete,more,less_conv,convenient,problematic,recommended
906,usual,critical,complete,more,less_conv,inconv,slightly_prob,recommended
907,usual,critical,completed,1,convenient,convenient,nonprob,recommended
908,usual,critical,completed,1,convenient,inconv,nonprob,not_recom
909,usual,critical,completed,1,convenient,inconv,nonprob,recommended
910,usual,critical,completed,1,convenient,inconv,problematic,not_recom
911,usual,critical,completed,1,convenient,inconv,problematic,priority
912,usual,critical,completed,1,critical,convenient,slightly_prob,priority
913,usual,critical,completed,1,critical,inconv,problematic,priority
914,usual,critical,completed,1,critical,inconv,slightly_prob,recommended
915,usual,critical,completed,1,less_conv,convenient,nonprob,not_recom
916,usual,critical,completed,1,less_conv,convenient,nonprob,recommended
917,usual,critical,completed,1,less_conv,convenient,slightly_prob,priority
918,usual,critical,completed,1,less_conv,inconv,nonprob,priority
919,usual,critical,completed,1,less_conv,inconv,problematic,priority
920,usual,critical,completed,1,less_conv,inconv,problematic,recommended
921,usual,critical,completed,1,less_conv,inconv,slightly_prob,priority
922,usual,critical,completed,2,convenient,inconv,problematic,recommended
923,usual,critical,completed,2,critical,convenient,nonprob,not_recom
924,usual,critical,completed,2,critical,convenient,problematic,not_recom
925,usual,critical,completed,2,critical,inconv,nonprob,recommended
926,usual,critical,completed,2,critical,inconv,slightly_prob,not_recom
927,usual,critical,completed,2,less_conv,convenient,nonprob,priority
928,usual,critical,completed,2,less_conv,convenient,problematic,recommended
929,usual,critical,completed,3,convenient,convenient,nonprob,not_recom
930,usual,critical,completed,3,convenient,convenient,nonprob,priority
931,usual,critical,completed,3,convenient,convenient,nonprob,recommended
932,usual,critical,completed,3,convenient,convenient,slightly_prob,recommended
933,usual,critical,completed,3,convenient,inconv,nonprob,not_recom
934,usual,critical,completed,3,convenient,inconv,nonprob,recommended
935,usual,critical,completed,3,convenient,inconv,problematic,recommended
936,usual,critical,completed,3,critical,convenient,slightly_prob,recommended
937,usual,critical,completed,3,critical,inconv,problematic,priority
938,usual,critical,completed,3,less_conv,convenient,problematic,not_recom
939,usual,critical,completed,3,less_conv,inconv,problematic,priority
940,usual,critical,completed,more,convenient,inconv,slightly_prob,priority
941,usual,critical,completed,more,critical,convenient,nonprob,not_recom
942,usual,critical,completed,more,critical,convenient,problematic,not_recom
943,usual,critical,completed,more,critical,convenient,problematic,priority
944,usual,critical,completed,more,critical,inconv,slightly_prob,priority
945,usual,critical,completed,more,critical,inconv,slightly_prob,recommended
946,usual,critical,completed,more,less_conv,convenient,slightly_prob,priority
947,usual,critical,completed,more,less_conv,convenient,slightly_prob,recommended
948,usual,critical,completed,more,less_conv,inconv,nonprob,priority
949,usual,critical,completed,more,less_conv,inconv,slightly_prob,not_recom
950,usual,critical,completed,more,less_conv,inconv,slightly_prob,recommended
951,usual,critical,foster,1,convenient,inconv,problematic,not_recom
952,usual,critical,foster,1,critical,convenient,nonprob,priority
953,usual,critical,foster,1,critical,convenient,slightly_prob,not_recom
954,usual,critical,foster,1,critical,convenient,slightly_prob,recommended
955,usual,critical,foster,1,less_conv,inconv,nonprob,recommended
956,usual,critical,foster,1,less_conv,inconv,problematic,priority
957,usual,critical,foster,1,less_conv,inconv,slightly_prob,not_recom
958,usual,critical,foster,2,convenient,convenient,problematic,not_recom
959,usual,critical,foster,2,convenient,convenient,problematic,priority
960,usual,critical,foster,2,convenient,convenient,problematic,recommended
961,usual,critical,foster,2,convenient,convenient,slightly_prob,not_recom
962,usual,critical,foster,2,convenient,convenient,slightly_prob,recommended
963,usual,critical,foster,2,critical,convenient,problematic,recommended
964,usual,critical,foster,2,critical,convenient,slightly_prob,not_recom
965,usual,critical,foster,2,critical,inconv,nonprob,priority
966,usual,critical,foster,2,less_conv,convenient,nonprob,priority
967,usual,critical,foster,2,less_conv,convenient,problematic,priority
968,usual,critical,foster,2,less_conv,inconv,problematic,not_recom
969,usual,critical,foster,3,convenient,inconv,slightly_prob,recommended
970,usual,critical,foster,3,critical,convenient,problematic,not_recom
971,usual,critical,foster,3,critical,inconv,nonprob,priority
972,usual,critical,foster,3,critical,inconv,slightly_prob,recommended
973,usual,critical,foster,3,less_conv,convenient,nonprob,recommended
974,usual,critical,foster,3,less_conv,inconv,nonprob,recommended
975,usual,critical,foster,more,convenient,convenient,nonprob,not_recom
976,usual,critical,foster,more,convenient,inconv,problematic,priority
977,usual,critical,foster,more,critical,convenient,nonprob,recommended
978,usual,critical,foster,more,critical,convenient,slightly_prob,recommended
979,usual,critical,foster,more,critical,inconv,nonprob,recommended
980,usual,critical,foster,more,critical,inconv,problematic,priority
981,usual,critical,foster,more,less_conv,convenient,slightly_prob,not_recom
982,usual,critical,foster,more,less_conv,inconv,nonprob,priority
983,usual,critical,incomplete,1,convenient,inconv,nonprob,priority
984,usual,critical,incomplete,1,convenient,inconv,problematic,priority
985,usual,critical,incomplete,1,convenient,inconv,slightly_prob,priority
986,usual,critical,incomplete,1,critical,convenient,nonprob,not_recom
987,usual,critical,incomplete,1,critical,convenient,slightly_prob,not_recom
988,usual,critical,incomplete,1,critical,convenient,slightly_prob,priority
989,usual,critical,incomplete,1,less_conv,convenient,problematic,recommended
990,usual,critical,incomplete,1,less_conv,convenient,slightly_prob,priority
991,usual,critical,incomplete,1,less_conv,convenient,slightly_prob,recommended
992,usual,critical,incomplete,1,less_conv,inconv,slightly_prob,priority
993,usual,critical,incomplete,2,convenient,convenient,nonprob,not_recom
994,usual,critical,incomplete,2,convenient,convenient,problematic,not_recom
995,usual,critical,incomplete,2,convenient,convenient,problematic,recommended
996,usual,critical,incomplete,2,convenient,convenient,slightly_prob,priority
997,usual,critical,incomplete,2,convenient,inconv,nonprob,not_recom
998,usual,critical,incomplete,2,convenient,inconv,problematic,recommended
999,usual,critical,incomplete,2,critical,convenient,slightly_prob,not_recom
1000,usual,critical,incomplete,2,critical,inconv,nonprob,priority
1001,usual,critical,incomplete,2,critical,inconv,slightly_prob,recommended
1002,usual,critical,incomplete,2,less_conv,convenient,slightly_prob,priority
1003,usual,critical,incomplete,2,less_conv,convenient,slightly_prob,recommended
1004,usual,critical,incomplete,2,less_conv,inconv,problematic,priority
1005,usual,critical,incomplete,3,convenient,convenient,nonprob,recommended
1006,usual,critical,incomplete,3,convenient,convenient,problematic,priority
1007,usual,critical,incomplete,3,convenient,convenient,slightly_prob,priority
1008,usual,critical,incomplete,3,convenient,inconv,nonprob,priority
1009,usual,critical,incomplete,3,critical,inconv,nonprob,not_recom
1010,usual,critical,incomplete,3,less_conv,convenient,nonprob,not_recom
1011,usual,critical,incomplete,3,less_conv,convenient,nonprob,priority
1012,usual,critical,incomplete,3,less_conv,convenient,nonprob,recommended
1013,usual,critical,incomplete,3,less_conv,convenient,problematic,priority
1014,usual,critical,incomplete,3,less_conv,inconv,nonprob,priority
1015,usual,critical,incomplete,more,convenient,convenient,slightly_prob,not_recom
1016,usual,critical,incomplete,more,convenient,inconv,nonprob,not_recom
1017,usual,critical,incomplete,more,convenient,inconv,nonprob,priority
1018,usual,critical,incomplete,more,convenient,inconv,nonprob,recommended
1019,usual,critical,incomplete,more,critical,convenient,nonprob,recommended
1020,usual,critical,incomplete,more,critical,convenient,problematic,not_recom
1021,usual,critical,incomplete,more,critical,convenient,problematic,recommended
1022,usual,critical,incomplete,more,critical,convenient,slightly_prob,recommended
1023,usual,critical,incomplete,more,critical,inconv,problematic,not_recom
1024,usual,critical,incomplete,more,critical,inconv,problematic,recommended
1025,usual,critical,incomplete,more,less_conv,convenient,nonprob,not_recom
1026,usual,critical,incomplete,more,less_conv,convenient,problematic,recommended
1027,usual,critical,incomplete,more,less_conv,inconv,nonprob,not_recom
1028,usual,critical,incomplete,more,less_conv,inconv,problematic,not_recom
1029,usual,improper,complete,1,convenient,convenient,slightly_prob,recommended
1030,usual,improper,complete,1,critical,inconv,problematic,priority
1031,usual,improper,complete,1,less_conv,convenient,nonprob,priority
1032,usual,improper,complete,2,convenient,inconv,slightly_prob,not_recom
1033,usual,improper,complete,2,critical,inconv,problematic,not_recom
1034,usual,improper,complete,3,convenient,convenient,nonprob,recommended
1035,usual,improper,complete,3,convenient,inconv,nonprob,not_recom
1036,usual,improper,complete,3,critical,convenient,slightly_prob,priority
1037,usual,improper,complete,3,less_conv,inconv,nonprob,priority
1038,usual,improper,complete,3,less_conv,inconv,slightly_prob,not_recom
1039,usual,improper,complete,3,less_conv,inconv,slightly_prob,priority
1040,usual,improper,complete,3,less_conv,inconv,slightly_prob,recommended
1041,usual,improper,complete,more,less_conv,inconv,problematic,priority
1042,usual,improper,completed,1,convenient,inconv,nonprob,recommended
1043,usual,improper,completed,1,convenient,inconv,slightly_prob,priority
1044,usual,improper,completed,1,less_conv,convenient,nonprob,priority
1045,usual,improper,completed,2,critical,convenient,slightly_prob,not_recom
1046,usual,improper,completed,2,critical,inconv,nonprob,recommended
1047,usual,improper,completed,2,less_conv,inconv,slightly_prob,priority
1048,usual,improper,completed,3,convenient,convenient,nonprob,not_recom
1049,usual,improper,completed,3,convenient,convenient,nonprob,recommended
1050,usual,improper,completed,3,convenient,inconv,nonprob,not_recom
1051,usual,improper,completed,3,critical,convenient,nonprob,not_recom
1052,usual,improper,completed,3,critical,convenient,slightly_prob,not_recom
1053,usual,improper,completed,3,less_conv,convenient,nonprob,recommended
1054,usual,improper,completed,3,less_conv,inconv,problematic,recommended
1055,usual,improper,completed,more,convenient,convenient,slightly_prob,recommended
1056,usual,improper,completed,more,convenient,inconv,nonprob,priority
1057,usual,improper,completed,more,critical,convenient,problematic,priority
1058,usual,improper,completed,more,critical,convenient,problematic,recommended
1059,usual,improper,completed,more,less_conv,inconv,nonprob,recommended
1060,usual,improper,foster,1,critical,convenient,nonprob,priority
1061,usual,improper,foster,1,critical,inconv,nonprob,recommended
1062,usual,improper,foster,1,critical,inconv,problematic,not_recom
1063,usual,improper,foster,1,critical,inconv,slightly_prob,recommended
1064,usual,improper,foster,1,less_conv,convenient,nonprob,not_recom
1065,usual,improper,foster,1,less_conv,convenient,problematic,recommended
1066,usual,improper,foster,1,less_conv,inconv,nonprob,priority
1067,usual,improper,foster,1,less_conv,inconv,problematic,not_recom
1068,usual,improper,foster,1,less_conv,inconv,problematic,recommended
1069,usual,improper,foster,2,critical,inconv,nonprob,recommended
1070,usual,improper,foster,3,convenient,convenient,problematic,recommended
1071,usual,improper,foster,3,convenient,inconv,nonprob,priority
1072,usual,improper,foster,3,convenient,inconv,problematic,priority
1073,usual,improper,foster,3,convenient,inconv,slightly_prob,priority
1074,usual,improper,foster,3,critical,convenient,nonprob,priority
1075,usual,improper,foster,3,critical,convenient,slightly_prob,recommended
1076,usual,improper,foster,3,critical,inconv,nonprob,priority
1077,usual,improper,foster,3,critical,inconv,slightly_prob,recommended
1078,usual,improper,foster,3,less_conv,inconv,nonprob,not_recom
1079,usual,improper,foster,3,less_conv,inconv,nonprob,recommended
1080,usual,improper,foster,more,convenient,convenient,nonprob,not_recom
1081,usual,improper,foster,more,convenient,convenient,slightly_prob,recommended
1082,usual,improper,foster,more,convenient,inconv,nonprob,recommended
1083,usual,improper,foster,more,critical,convenient,problematic,not_recom
1084,usual,improper,foster,more,critical,inconv,nonprob,priority
1085,usual,improper,foster,more,critical,inconv,problematic,not_recom
1086,usual,improper,foster,more,critical,inconv,problematic,recommended
1087,usual,improper,foster,more,less_conv,convenient,problematic,not_recom
1088,usual,improper,foster,more,less_conv,convenient,problematic,recommended
1089,usual,improper,foster,more,less_conv,inconv,problematic,recommended
1090,usual,improper,foster,more,less_conv,inconv,slightly_prob,recommended
1091,usual,improper,incomplete,1,convenient,inconv,nonprob,not_recom
1092,usual,improper,incomplete,1,convenient,inconv,slightly_prob,not_recom
1093,usual,improper,incomplete,1,critical,convenient,slightly_prob,not_recom
1094,usual,improper,incomplete,1,critical,inconv,slightly_prob,priority
1095,usual,improper,incomplete,1,less_conv,inconv,nonprob,priority
1096,usual,improper,incomplete,3,convenient,convenient,nonprob,recommended
1097,usual,improper,incomplete,3,critical,inconv,nonprob,not_recom
1098,usual,improper,incomplete,3,critical,inconv,problematic,priority
1099,usual,improper,incomplete,more,convenient,convenient,nonprob,not_recom
1100,usual,improper,incomplete,more,convenient,inconv,slightly_prob,not_recom
1101,usual,improper,incomplete,more,convenient,inconv,slightly_prob,priority
1102,usual,improper,incomplete,more,critical,convenient,problematic,priority
1103,usual,improper,incomplete,more,critical,convenient,slightly_prob,not_recom
1104,usual,improper,incomplete,more,critical,inconv,problematic,priority
1105,usual,improper,incomplete,more,critical,inconv,slightly_prob,priority
1106,usual,improper,incomplete,more,less_conv,convenient,nonprob,not_recom
1107,usual,improper,incomplete,more,less_conv,convenient,slightly_prob,recommended
1108,usual,improper,incomplete,more,less_conv,inconv,nonprob,priority
1109,usual,improper,incomplete,more,less_conv,inconv,nonprob,recommended
1110,usual,less_proper,complete,1,convenient,inconv,nonprob,not_recom
1111,usual,less_proper,complete,1,less_conv,convenient,slightly_prob,recommended
1112,usual,less_proper,complete,2,convenient,convenient,slightly_prob,not_recom
1113,usual,less_proper,complete,2,less_conv,convenient,slightly_prob,priority
1114,usual,less_proper,complete,3,convenient,convenient,nonprob,priority
1115,usual,less_proper,complete,3,convenient,convenient,problematic,recommended
1116,usual,less_proper,complete,3,convenient,inconv,slightly_prob,priority
1117,usual,less_proper,complete,3,critical,convenient,nonprob,recommended
1118,usual,less_proper,complete,3,critical,inconv,problematic,recommended
1119,usual,less_proper,complete,3,critical,inconv,slightly_prob,recommended
1120,usual,less_proper,complete,3,less_conv,inconv,nonprob,priority
1121,usual,less_proper,complete,more,convenient,convenient,problematic,not_recom
1122,usual,less_proper,complete,more,convenient,inconv,nonprob,recommended
1123,usual,less_proper,complete,more,critical,convenient,slightly_prob,priority
1124,usual,less_proper,complete,more,critical,inconv,nonprob,not_recom
1125,usual,less_proper,complete,more,less_conv,convenient,nonprob,not_recom
1126,usual,less_proper,complete,more,less_conv,convenient,slightly_prob,recommended
1127,usual,less_proper,completed,1,convenient,convenient,nonprob,recommended
1128,usual,less_proper,completed,1,critical,inconv,slightly_prob,recommended
1129,usual,less_proper,completed,1,less_conv,convenient,problematic,recommended
1130,usual,less_proper,completed,1,less_conv,convenient,slightly_prob,not_recom
1131,usual,less_proper,completed,1,less_conv,inconv,nonprob,not_recom
1132,usual,less_proper,completed,1,less_conv,inconv,nonprob,recommended
1133,usual,less_proper,completed,1,less_conv,inconv,problematic,priority
1134,usual,less_proper,completed,2,critical,convenient,slightly_prob,not_recom
1135,usual,less_proper,completed,2,less_conv,convenient,problematic,not_recom
1136,usual,less_proper,completed,2,less_conv,convenient,problematic,priority
1137,usual,less_proper,completed,2,less_conv,convenient,slightly_prob,priority
1138,usual,less_proper,completed,2,less_conv,inconv,nonprob,recommended
1139,usual,less_proper,completed,2,less_conv,inconv,problematic,priority
1140,usual,less_proper,completed,2,less_conv,inconv,slightly_prob,not_recom
1141,usual,less_proper,completed,3,critical,convenient,nonprob,not_recom
1142,usual,less_proper,completed,3,critical,convenient,nonprob,priority
1143,usual,less_proper,completed,3,critical,convenient,slightly_prob,priority
1144,usual,less_proper,completed,3,critical,inconv,problematic,recommended
1145,usual,less_proper,completed,3,less_conv,inconv,problematic,not_recom
1146,usual,less_proper,completed,more,critical,convenient,problematic,priority
1147,usual,less_proper,completed,more,critical,inconv,nonprob,not_recom
1148,usual,less_proper,completed,more,critical,inconv,slightly_prob,not_recom
1149,usual,less_proper,completed,more,less_conv,convenient,nonprob,priority
1150,usual,less_proper,completed,more,less_conv,inconv,nonprob,priority
1151,usual,less_proper,completed,more,less_conv,inconv,problematic,recommended
1152,usual,less_proper,foster,1,critical,convenient,nonprob,not_recom
1153,usual,less_proper,foster,1,less_conv,convenient,slightly_prob,priority
1154,usual,less_proper,foster,2,convenient,convenient,slightly_prob,not_recom
1155,usual,less_proper,foster,2,critical,convenient,problematic,priority
1156,usual,less_proper,foster,2,less_conv,convenient,problematic,not_recom
1157,usual,less_proper,foster,2,less_conv,inconv,nonprob,not_recom
1158,usual,less_proper,foster,3,convenient,convenient,problematic,recommended
1159,usual,less_proper,foster,3,convenient,inconv,nonprob,not_recom
1160,usual,less_proper,foster,3,convenient,inconv,problematic,recommended
1161,usual,less_proper,foster,3,convenient,inconv,slightly_prob,recommended
1162,usual,less_proper,foster,3,critical,convenient,nonprob,recommended
1163,usual,less_proper,foster,more,convenient,convenient,nonprob,priority
1164,usual,less_proper,foster,more,convenient,convenient,slightly_prob,priority
1165,usual,less_proper,foster,more,critical,convenient,nonprob,priority
1166,usual,less_proper,foster,more,critical,convenient,slightly_prob,not_recom
1167,usual,less_proper,foster,more,critical,convenient,slightly_prob,priority
1168,usual,less_proper,foster,more,less_conv,inconv,slightly_prob,priority
1169,usual,less_proper,incomplete,1,convenient,convenient,slightly_prob,not_recom
1170,usual,less_proper,incomplete,1,convenient,inconv,slightly_prob,not_recom
1171,usual,less_proper,incomplete,1,critical,convenient,problematic,recommended
1172,usual,less_proper,incomplete,1,critical,convenient,slightly_prob,priority
1173,usual,less_proper,incomplete,1,critical,inconv,problematic,priority
1174,usual,less_proper,incomplete,1,critical,inconv,problematic,recommended
1175,usual,less_proper,incomplete,1,less_conv,convenient,problematic,priority
1176,usual,less_proper,incomplete,1,less_conv,inconv,problematic,not_recom
1177,usual,less_proper,incomplete,1,less_conv,inconv,problematic,priority
1178,usual,less_proper,incomplete,2,convenient,convenient,nonprob,recommended
1179,usual,less_proper,incomplete,2,convenient,convenient,problematic,not_recom
1180,usual,less_proper,incomplete,2,convenient,inconv,slightly_prob,recommended
1181,usual,less_proper,incomplete,2,critical,convenient,nonprob,not_recom
1182,usual,less_proper,incomplete,2,critical,convenient,nonprob,priority
1183,usual,less_proper,incomplete,2,critical,convenient,nonprob,recommended
1184,usual,less_proper,incomplete,2,critical,inconv,nonprob,recommended
1185,usual,less_proper,incomplete,3,convenient,convenient,slightly_prob,priority
1186,usual,less_proper,incomplete,3,critical,inconv,nonprob,not_recom
1187,usual,less_proper,incomplete,3,critical,inconv,problematic,not_recom
1188,usual,less_proper,incomplete,3,less_conv,convenient,problematic,recommended
1189,usual,less_proper,incomplete,3,less_conv,inconv,problematic,recommended
1190,usual,less_proper,incomplete,more,convenient,convenient,nonprob,recommended
1191,usual,less_proper,incomplete,more,critical,convenient,nonprob,priority
1192,usual,less_proper,incomplete,more,critical,convenient,slightly_prob,priority
1193,usual,less_proper,incomplete,more,critical,inconv,slightly_prob,not_recom
1194,usual,less_proper,incomplete,more,less_conv,convenient,nonprob,priority
1195,usual,less_proper,incomplete,more,less_conv,inconv,slightly_prob,not_recom
1196,usual,less_proper,incomplete,more,less_conv,inconv,slightly_prob,recommended
1197,usual,proper,complete,1,critical,convenient,nonprob,not_recom
1198,usual,proper,complete,1,critical,inconv,nonprob,not_recom
1199,usual,proper,complete,1,critical,inconv,problematic,recommended
1200,usual,proper,complete,1,less_conv,inconv,problematic,not_recom
1201,usual,proper,complete,1,less_conv,inconv,slightly_prob,priority
1202,usual,proper,complete,2,convenient,inconv,nonprob,not_recom
1203,usual,proper,complete,2,critical,convenient,nonprob,priority
1204,usual,proper,complete,2,critical,convenient,slightly_prob,not_recom
1205,usual,proper,complete,2,less_conv,convenient,slightly_prob,not_recom
1206,usual,proper,complete,3,critical,inconv,slightly_prob,not_recom
1207,usual,proper,complete,3,less_conv,inconv,nonprob,not_recom
1208,usual,proper,complete,3,less_conv,inconv,slightly_prob,recommended
1209,usual,proper,complete,more,convenient,inconv,nonprob,priority
1210,usual,proper,complete,more,convenient,inconv,problematic,priority
1211,usual,proper,complete,more,convenient,inconv,slightly_prob,recommended
1212,usual,proper,complete,more,critical,convenient,problematic,priority
1213,usual,proper,complete,more,less_conv,convenient,nonprob,recommended
1214,usual,proper,complete,more,less_conv,inconv,nonprob,not_recom
1215,usual,proper,completed,1,convenient,inconv,problematic,not_recom
1216,usual,proper,completed,1,critical,convenient,problematic,priority
1217,usual,proper,completed,1,less_conv,convenient,nonprob,priority
1218,usual,proper,completed,1,less_conv,inconv,slightly_prob,not_recom
1219,usual,proper,completed,2,convenient,inconv,nonprob,priority
1220,usual,proper,completed,2,convenient,inconv,slightly_prob,priority
1221,usual,proper,completed,2,critical,convenient,problematic,recommended
1222,usual,proper,completed,2,critical,inconv,problematic,priority
1223,usual,proper,completed,2,less_conv,convenient,slightly_prob,priority
1224,usual,proper,completed,2,less_conv,inconv,problematic,not_recom
1225,usual,proper,completed,3,convenient,convenient,nonprob,not_recom
1226,usual,proper,completed,3,convenient,convenient,problematic,not_recom
1227,usual,proper,completed,3,convenient,inconv,problematic,recommended
1228,usual,proper,completed,3,less_conv,convenient,problematic,recommended
1229,usual,proper,completed,3,less_conv,convenient,slightly_prob,priority
1230,usual,proper,completed,more,convenient,convenient,slightly_prob,recommended
1231,usual,proper,completed,more,critical,convenient,problematic,not_recom
1232,usual,proper,completed,more,critical,inconv,slightly_prob,priority
1233,usual,proper,completed,more,less_conv,inconv,problematic,not_recom
1234,usual,proper,foster,1,convenient,inconv,slightly_prob,recommended
1235,usual,proper,foster,1,critical,convenient,nonprob,not_recom
1236,usual,proper,foster,2,convenient,convenient,nonprob,priority
1237,usual,proper,foster,2,convenient,convenient,nonprob,recommended
1238,usual,proper,foster,2,convenient,convenient,slightly_prob,recommended
1239,usual,proper,foster,2,less_conv,inconv,slightly_prob,not_recom
1240,usual,proper,foster,3,critical,convenient,nonprob,priority
1241,usual,proper,foster,3,critical,inconv,problematic,not_recom
1242,usual,proper,foster,3,less_conv,convenient,problematic,priority
1243,usual,proper,foster,3,less_conv,inconv,problematic,recommended
1244,usual,proper,foster,more,convenient,convenient,slightly_prob,recommended
1245,usual,proper,foster,more,critical,inconv,problematic,not_recom
1246,usual,proper,foster,more,less_conv,inconv,slightly_prob,priority
1247,usual,proper,incomplete,1,convenient,convenient,nonprob,not_recom
1248,usual,proper,incomplete,1,critical,convenient,nonprob,not_recom
1249,usual,proper,incomplete,1,critical,convenient,problematic,priority
1250,usual,proper,incomplete,2,convenient,convenient,slightly_prob,not_recom
1251,usual,proper,incomplete,2,convenient,convenient,slightly_prob,recommended
1252,usual,proper,incomplete,2,critical,inconv,nonprob,not_recom
1253,usual,proper,incomplete,2,critical,inconv,slightly_prob,recommended
1254,usual,proper,incomplete,2,less_conv,convenient,nonprob,not_recom
1255,usual,proper,incomplete,2,less_conv,convenient,slightly_prob,recommended
1256,usual,proper,incomplete,3,convenient,inconv,slightly_prob,recommended
1257,usual,proper,incomplete,3,critical,convenient,nonprob,not_recom
1258,usual,proper,incomplete,3,critical,convenient,problematic,recommended
1259,usual,proper,incomplete,3,critical,convenient,slightly_prob,recommended
1260,usual,proper,incomplete,3,critical,inconv,problematic,recommended
1261,usual,proper,incomplete,3,less_conv,inconv,nonprob,recommended
1262,usual,proper,incomplete,more,convenient,convenient,nonprob,priority
1263,usual,proper,incomplete,more,convenient,convenient,slightly_prob,priority
1264,usual,proper,incomplete,more,convenient,inconv,nonprob,recommended
1265,usual,proper,incomplete,more,convenient,inconv,slightly_prob,priority
1266,usual,proper,incomplete,more,less_conv,convenient,nonprob,priority
