OutcomeID,BuyingPrice,MaintPrice,Doors,Persons,Luggage,Safety
1,vhigh,vhigh,2,2,small,low
2,vhigh,vhigh,2,2,small,med
3,vhigh,vhigh,2,2,small,high
4,vhigh,vhigh,2,2,med,low
5,vhigh,vhigh,2,2,med,med
6,vhigh,vhigh,2,2,med,high
7,vhigh,vhigh,2,2,big,low
8,vhigh,vhigh,2,2,big,med
9,vhigh,vhigh,2,2,big,high
10,vhigh,vhigh,2,4,small,low
11,vhigh,vhigh,2,4,small,med
12,vhigh,vhigh,2,4,small,high
13,vhigh,vhigh,2,4,med,low
14,vhigh,vhigh,2,4,med,med
15,vhigh,vhigh,2,4,med,high
16,vhigh,vhigh,2,4,big,low
17,vhigh,vhigh,2,4,big,med
18,vhigh,vhigh,2,4,big,high
19,vhigh,vhigh,2,more,small,low
20,vhigh,vhigh,2,more,small,med
21,vhigh,vhigh,2,more,small,high
22,vhigh,vhigh,2,more,med,low
23,vhigh,vhigh,2,more,med,med
24,vhigh,vhigh,2,more,med,high
25,vhigh,vhigh,2,more,big,low
26,vhigh,vhigh,2,more,big,med
27,vhigh,vhigh,2,more,big,high
28,vhigh,vhigh,3,2,small,low
29,vhigh,vhigh,3,2,small,med
30,vhigh,vhigh,3,2,small,high
31,vhigh,vhigh,3,2,med,low
32,vhigh,vhigh,3,2,med,med
33,vhigh,vhigh,3,2,med,high
34,vhigh,vhigh,3,2,big,low
35,vhigh,vhigh,3,2,big,med
36,vhigh,vhigh,3,2,big,high
37,vhigh,vhigh,3,4,small,low
38,vhigh,vhigh,3,4,small,med
39,vhigh,vhigh,3,4,small,high
40,vhigh,vhigh,3,4,med,low
41,vhigh,vhigh,3,4,med,med
42,vhigh,vhigh,3,4,med,high
43,vhigh,vhigh,3,4,big,low
44,vhigh,vhigh,3,4,big,med
45,vhigh,vhigh,3,4,big,high
46,vhigh,vhigh,3,more,small,low
47,vhigh,vhigh,3,more,small,med
48,vhigh,vhigh,3,more,small,high
49,vhigh,vhigh,3,more,med,low
50,vhigh,vhigh,3,more,med,med
51,vhigh,vhigh,3,more,med,high
52,vhigh,vhigh,3,more,big,low
53,vhigh,vhigh,3,more,big,med
54,vhigh,vhigh,3,more,big,high
55,vhigh,vhigh,4,2,small,low
56,vhigh,vhigh,4,2,small,med
57,vhigh,vhigh,4,2,small,high
58,vhigh,vhigh,4,2,med,low
59,vhigh,vhigh,4,2,med,med
60,vhigh,vhigh,4,2,med,high
61,vhigh,vhigh,4,2,big,low
62,vhigh,vhigh,4,2,big,med
63,vhigh,vhigh,4,2,big,high
64,vhigh,vhigh,4,4,small,low
65,vhigh,vhigh,4,4,small,med
66,vhigh,vhigh,4,4,small,high
67,vhigh,vhigh,4,4,med,low
68,vhigh,vhigh,4,4,med,med
69,vhigh,vhigh,4,4,med,high
70,vhigh,vhigh,4,4,big,low
71,vhigh,vhigh,4,4,big,med
72,vhigh,vhigh,4,4,big,high
73,vhigh,vhigh,4,more,small,low
74,vhigh,vhigh,4,more,small,med
75,vhigh,vhigh,4,more,small,high
76,vhigh,vhigh,4,more,med,low
77,vhigh,vhigh,4,more,med,med
78,vhigh,vhigh,4,more,med,high
79,vhigh,vhigh,4,more,big,low
80,vhigh,vhigh,4,more,big,med
81,vhigh,vhigh,4,more,big,high
82,vhigh,vhigh,5more,2,small,low
83,vhigh,vhigh,5more,2,small,med
84,vhigh,vhigh,5more,2,small,high
85,vhigh,vhigh,5more,2,med,low
86,vhigh,vhigh,5more,2,med,med
87,vhigh,vhigh,5more,2,med,high
88,vhigh,vhigh,5more,2,big,low
89,vhigh,vhigh,5more,2,big,med
90,vhigh,vhigh,5more,2,big,high
91,vhigh,vhigh,5more,4,small,low
92,vhigh,vhigh,5more,4,small,med
93,vhigh,vhigh,5more,4,small,high
94,vhigh,vhigh,5more,4,med,low
95,vhigh,vhigh,5more,4,med,med
96,vhigh,vhigh,5more,4,med,high
97,vhigh,vhigh,5more,4,big,low
98,vhigh,vhigh,5more,4,big,med
99,vhigh,vhigh,5more,4,big,high
100,vhigh,vhigh,5more,more,small,low
101,vhigh,vhigh,5more,more,small,med
102,vhigh,vhigh,5more,more,small,high
103,vhigh,vhigh,5more,more,med,low
104,vhigh,vhigh,5more,more,med,med
105,vhigh,vhigh,5more,more,med,high
106,vhigh,vhigh,5more,more,big,low
107,vhigh,vhigh,5more,more,big,med
108,vhigh,vhigh,5more,more,big,high
109,vhigh,high,2,2,small,low
110,vhigh,high,2,2,small,med
111,vhigh,high,2,2,small,high
112,vhigh,high,2,2,med,low
113,vhigh,high,2,2,med,med
114,vhigh,high,2,2,med,high
115,vhigh,high,2,2,big,low
116,vhigh,high,2,2,big,med
117,vhigh,high,2,2,big,high
118,vhigh,high,2,4,small,low
119,vhigh,high,2,4,small,med
120,vhigh,high,2,4,small,high
121,vhigh,high,2,4,med,low
122,vhigh,high,2,4,med,med
123,vhigh,high,2,4,med,high
124,vhigh,high,2,4,big,low
125,vhigh,high,2,4,big,med
126,vhigh,high,2,4,big,high
127,vhigh,high,2,more,small,low
128,vhigh,high,2,more,small,med
129,vhigh,high,2,more,small,high
130,vhigh,high,2,more,med,low
131,vhigh,high,2,more,med,med
132,vhigh,high,2,more,med,high
133,vhigh,high,2,more,big,low
134,vhigh,high,2,more,big,med
135,vhigh,high,2,more,big,high
136,vhigh,high,3,2,small,low
137,vhigh,high,3,2,small,med
138,vhigh,high,3,2,small,high
139,vhigh,high,3,2,med,low
140,vhigh,high,3,2,med,med
141,vhigh,high,3,2,med,high
142,vhigh,high,3,2,big,low
143,vhigh,high,3,2,big,med
144,vhigh,high,3,2,big,high
145,vhigh,high,3,4,small,low
146,vhigh,high,3,4,small,med
147,vhigh,high,3,4,small,high
148,vhigh,high,3,4,med,low
149,vhigh,high,3,4,med,med
150,vhigh,high,3,4,med,high
151,vhigh,high,3,4,big,low
152,vhigh,high,3,4,big,med
153,vhigh,high,3,4,big,high
154,vhigh,high,3,more,small,low
155,vhigh,high,3,more,small,med
156,vhigh,high,3,more,small,high
157,vhigh,high,3,more,med,low
158,vhigh,high,3,more,med,med
159,vhigh,high,3,more,med,high
160,vhigh,high,3,more,big,low
161,vhigh,high,3,more,big,med
162,vhigh,high,3,more,big,high
163,vhigh,high,4,2,small,low
164,vhigh,high,4,2,small,med
165,vhigh,high,4,2,small,high
166,vhigh,high,4,2,med,low
167,vhigh,high,4,2,med,med
168,vhigh,high,4,2,med,high
169,vhigh,high,4,2,big,low
170,vhigh,high,4,2,big,med
171,vhigh,high,4,2,big,high
172,vhigh,high,4,4,small,low
173,vhigh,high,4,4,small,med
174,vhigh,high,4,4,small,high
175,vhigh,high,4,4,med,low
176,vhigh,high,4,4,med,med
177,vhigh,high,4,4,med,high
178,vhigh,high,4,4,big,low
179,vhigh,high,4,4,big,med
180,vhigh,high,4,4,big,high
181,vhigh,high,4,more,small,low
182,vhigh,high,4,more,small,med
183,vhigh,high,4,more,small,high
184,vhigh,high,4,more,med,low
185,vhigh,high,4,more,med,med
186,vhigh,high,4,more,med,high
187,vhigh,high,4,more,big,low
188,vhigh,high,4,more,big,med
189,vhigh,high,4,more,big,high
190,vhigh,high,5more,2,small,low
191,vhigh,high,5more,2,small,med
192,vhigh,high,5more,2,small,high
193,vhigh,high,5more,2,med,low
194,vhigh,high,5more,2,med,med
195,vhigh,high,5more,2,med,high
196,vhigh,high,5more,2,big,low
197,vhigh,high,5more,2,big,med
198,vhigh,high,5more,2,big,high
199,vhigh,high,5more,4,small,low
200,vhigh,high,5more,4,small,med
201,vhigh,high,5more,4,small,high
202,vhigh,high,5more,4,med,low
203,vhigh,high,5more,4,med,med
204,vhigh,high,5more,4,med,high
205,vhigh,high,5more,4,big,low
206,vhigh,high,5more,4,big,med
207,vhigh,high,5more,4,big,high
208,vhigh,high,5more,more,small,low
209,vhigh,high,5more,more,small,med
210,vhigh,high,5more,more,small,high
211,vhigh,high,5more,more,med,low
212,vhigh,high,5more,more,med,med
213,vhigh,high,5more,more,med,high
214,vhigh,high,5more,more,big,low
215,vhigh,high,5more,more,big,med
216,vhigh,high,5more,more,big,high
217,vhigh,med,2,2,small,low
218,vhigh,med,2,2,small,med
219,vhigh,med,2,2,small,high
220,vhigh,med,2,2,med,low
221,vhigh,med,2,2,med,med
222,vhigh,med,2,2,med,high
223,vhigh,med,2,2,big,low
224,vhigh,med,2,2,big,med
225,vhigh,med,2,2,big,high
226,vhigh,med,2,4,small,low
227,vhigh,med,2,4,small,med
228,vhigh,med,2,4,small,high
229,vhigh,med,2,4,med,low
230,vhigh,med,2,4,med,med
231,vhigh,med,2,4,med,high
232,vhigh,med,2,4,big,low
233,vhigh,med,2,4,big,med
234,vhigh,med,2,4,big,high
235,vhigh,med,2,more,small,low
236,vhigh,med,2,more,small,med
237,vhigh,med,2,more,small,high
238,vhigh,med,2,more,med,low
239,vhigh,med,2,more,med,med
240,vhigh,med,2,more,med,high
241,vhigh,med,2,more,big,low
242,vhigh,med,2,more,big,med
243,vhigh,med,2,more,big,high
244,vhigh,med,3,2,small,low
245,vhigh,med,3,2,small,med
246,vhigh,med,3,2,small,high
247,vhigh,med,3,2,med,low
248,vhigh,med,3,2,med,med
249,vhigh,med,3,2,med,high
250,vhigh,med,3,2,big,low
251,vhigh,med,3,2,big,med
252,vhigh,med,3,2,big,high
253,vhigh,med,3,4,small,low
254,vhigh,med,3,4,small,med
255,vhigh,med,3,4,small,high
256,vhigh,med,3,4,med,low
257,vhigh,med,3,4,med,med
258,vhigh,med,3,4,med,high
259,vhigh,med,3,4,big,low
260,vhigh,med,3,4,big,med
261,vhigh,med,3,4,big,high
262,vhigh,med,3,more,small,low
263,vhigh,med,3,more,small,med
264,vhigh,med,3,more,small,high
265,vhigh,med,3,more,med,low
266,vhigh,med,3,more,med,med
267,vhigh,med,3,more,med,high
268,vhigh,med,3,more,big,low
269,vhigh,med,3,more,big,med
270,vhigh,med,3,more,big,high
271,vhigh,med,4,2,small,low
272,vhigh,med,4,2,small,med
273,vhigh,med,4,2,small,high
274,vhigh,med,4,2,med,low
275,vhigh,med,4,2,med,med
276,vhigh,med,4,2,med,high
277,vhigh,med,4,2,big,low
278,vhigh,med,4,2,big,med
279,vhigh,med,4,2,big,high
280,vhigh,med,4,4,small,low
281,vhigh,med,4,4,small,med
282,vhigh,med,4,4,small,high
283,vhigh,med,4,4,med,low
284,vhigh,med,4,4,med,med
285,vhigh,med,4,4,med,high
286,vhigh,med,4,4,big,low
287,vhigh,med,4,4,big,med
288,vhigh,med,4,4,big,high
289,vhigh,med,4,more,small,low
290,vhigh,med,4,more,small,med
291,vhigh,med,4,more,small,high
292,vhigh,med,4,more,med,low
293,vhigh,med,4,more,med,med
294,vhigh,med,4,more,med,high
295,vhigh,med,4,more,big,low
296,vhigh,med,4,more,big,med
297,vhigh,med,4,more,big,high
298,vhigh,med,5more,2,small,low
299,vhigh,med,5more,2,small,med
300,vhigh,med,5more,2,small,high
301,vhigh,med,5more,2,med,low
302,vhigh,med,5more,2,med,med
303,vhigh,med,5more,2,med,high
304,vhigh,med,5more,2,big,low
305,vhigh,med,5more,2,big,med
306,vhigh,med,5more,2,big,high
307,vhigh,med,5more,4,small,low
308,vhigh,med,5more,4,small,med
309,vhigh,med,5more,4,small,high
310,vhigh,med,5more,4,med,low
311,vhigh,med,5more,4,med,med
312,vhigh,med,5more,4,med,high
313,vhigh,med,5more,4,big,low
314,vhigh,med,5more,4,big,med
315,vhigh,med,5more,4,big,high
316,vhigh,med,5more,more,small,low
317,vhigh,med,5more,more,small,med
318,vhigh,med,5more,more,small,high
319,vhigh,med,5more,more,med,low
320,vhigh,med,5more,more,med,med
321,vhigh,med,5more,more,med,high
322,vhigh,med,5more,more,big,low
323,vhigh,med,5more,more,big,med
324,vhigh,med,5more,more,big,high
325,vhigh,low,2,2,small,low
326,vhigh,low,2,2,small,med
327,vhigh,low,2,2,small,high
328,vhigh,low,2,2,med,low
329,vhigh,low,2,2,med,med
330,vhigh,low,2,2,med,high
331,vhigh,low,2,2,big,low
332,vhigh,low,2,2,big,med
333,vhigh,low,2,2,big,high
334,vhigh,low,2,4,small,low
335,vhigh,low,2,4,small,med
336,vhigh,low,2,4,small,high
337,vhigh,low,2,4,med,low
338,vhigh,low,2,4,med,med
339,vhigh,low,2,4,med,high
340,vhigh,low,2,4,big,low
341,vhigh,low,2,4,big,med
342,vhigh,low,2,4,big,high
343,vhigh,low,2,more,small,low
344,vhigh,low,2,more,small,med
345,vhigh,low,2,more,small,high
346,vhigh,low,2,more,med,low
347,vhigh,low,2,more,med,med
348,vhigh,low,2,more,med,high
349,vhigh,low,2,more,big,low
350,vhigh,low,2,more,big,med
351,vhigh,low,2,more,big,high
352,vhigh,low,3,2,small,low
353,vhigh,low,3,2,small,med
354,vhigh,low,3,2,small,high
355,vhigh,low,3,2,med,low
356,vhigh,low,3,2,med,med
357,vhigh,low,3,2,med,high
358,vhigh,low,3,2,big,low
359,vhigh,low,3,2,big,med
360,vhigh,low,3,2,big,high
361,vhigh,low,3,4,small,low
362,vhigh,low,3,4,small,med
363,vhigh,low,3,4,small,high
364,vhigh,low,3,4,med,low
365,vhigh,low,3,4,med,med
366,vhigh,low,3,4,med,high
367,vhigh,low,3,4,big,low
368,vhigh,low,3,4,big,med
369,vhigh,low,3,4,big,high
370,vhigh,low,3,more,small,low
371,vhigh,low,3,more,small,med
372,vhigh,low,3,more,small,high
373,vhigh,low,3,more,med,low
374,vhigh,low,3,more,med,med
375,vhigh,low,3,more,med,high
376,vhigh,low,3,more,big,low
377,vhigh,low,3,more,big,med
378,vhigh,low,3,more,big,high
379,vhigh,low,4,2,small,low
380,vhigh,low,4,2,small,med
381,vhigh,low,4,2,small,high
382,vhigh,low,4,2,med,low
383,vhigh,low,4,2,med,med
384,vhigh,low,4,2,med,high
385,vhigh,low,4,2,big,low
386,vhigh,low,4,2,big,med
387,vhigh,low,4,2,big,high
388,vhigh,low,4,4,small,low
389,vhigh,low,4,4,small,med
390,vhigh,low,4,4,small,high
391,vhigh,low,4,4,med,low
392,vhigh,low,4,4,med,med
393,vhigh,low,4,4,med,high
394,vhigh,low,4,4,big,low
395,vhigh,low,4,4,big,med
396,vhigh,low,4,4,big,high
397,vhigh,low,4,more,small,low
398,vhigh,low,4,more,small,med
399,vhigh,low,4,more,small,high
400,vhigh,low,4,more,med,low
401,vhigh,low,4,more,med,med
402,vhigh,low,4,more,med,high
403,vhigh,low,4,more,big,low
404,vhigh,low,4,more,big,med
405,vhigh,low,4,more,big,high
406,vhigh,low,5more,2,small,low
407,vhigh,low,5more,2,small,med
408,vhigh,low,5more,2,small,high
409,vhigh,low,5more,2,med,low
410,vhigh,low,5more,2,med,med
411,vhigh,low,5more,2,med,high
412,vhigh,low,5more,2,big,low
413,vhigh,low,5more,2,big,med
414,vhigh,low,5more,2,big,high
415,vhigh,low,5more,4,small,low
416,vhigh,low,5more,4,small,med
417,vhigh,low,5more,4,small,high
418,vhigh,low,5more,4,med,low
419,vhigh,low,5more,4,med,med
420,vhigh,low,5more,4,med,high
421,vhigh,low,5more,4,big,low
422,vhigh,low,5more,4,big,med
423,vhigh,low,5more,4,big,high
424,vhigh,low,5more,more,small,low
425,vhigh,low,5more,more,small,med
426,vhigh,low,5more,more,small,high
427,vhigh,low,5more,more,med,low
428,vhigh,low,5more,more,med,med
429,vhigh,low,5more,more,med,high
430,vhigh,low,5more,more,big,low
431,vhigh,low,5more,more,big,med
432,vhigh,low,5more,more,big,high
433,high,vhigh,2,2,small,low
434,high,vhigh,2,2,small,med
435,high,vhigh,2,2,small,high
436,high,vhigh,2,2,med,low
437,high,vhigh,2,2,med,med
438,high,vhigh,2,2,med,high
439,high,vhigh,2,2,big,low
440,high,vhigh,2,2,big,med
441,high,vhigh,2,2,big,high
442,high,vhigh,2,4,small,low
443,high,vhigh,2,4,small,med
444,high,vhigh,2,4,small,high
445,high,vhigh,2,4,med,low
446,high,vhigh,2,4,med,med
447,high,vhigh,2,4,med,high
448,high,vhigh,2,4,big,low
449,high,vhigh,2,4,big,med
450,high,vhigh,2,4,big,high
451,high,vhigh,2,more,small,low
452,high,vhigh,2,more,small,med
453,high,vhigh,2,more,small,high
454,high,vhigh,2,more,med,low
455,high,vhigh,2,more,med,med
456,high,vhigh,2,more,med,high
457,high,vhigh,2,more,big,low
458,high,vhigh,2,more,big,med
459,high,vhigh,2,more,big,high
460,high,vhigh,3,2,small,low
461,high,vhigh,3,2,small,med
462,high,vhigh,3,2,small,high
463,high,vhigh,3,2,med,low
464,high,vhigh,3,2,med,med
465,high,vhigh,3,2,med,high
466,high,vhigh,3,2,big,low
467,high,vhigh,3,2,big,med
468,high,vhigh,3,2,big,high
469,high,vhigh,3,4,small,low
470,high,vhigh,3,4,small,med
471,high,vhigh,3,4,small,high
472,high,vhigh,3,4,med,low
473,high,vhigh,3,4,med,med
474,high,vhigh,3,4,med,high
475,high,vhigh,3,4,big,low
476,high,vhigh,3,4,big,med
477,high,vhigh,3,4,big,high
478,high,vhigh,3,more,small,low
479,high,vhigh,3,more,small,med
480,high,vhigh,3,more,small,high
481,high,vhigh,3,more,med,low
482,high,vhigh,3,more,med,med
483,high,vhigh,3,more,med,high
484,high,vhigh,3,more,big,low
485,high,vhigh,3,more,big,med
486,high,vhigh,3,more,big,high
487,high,vhigh,4,2,small,low
488,high,vhigh,4,2,small,med
489,high,vhigh,4,2,small,high
490,high,vhigh,4,2,med,low
491,high,vhigh,4,2,med,med
492,high,vhigh,4,2,med,high
493,high,vhigh,4,2,big,low
494,high,vhigh,4,2,big,med
495,high,vhigh,4,2,big,high
496,high,vhigh,4,4,small,low
497,high,vhigh,4,4,small,med
498,high,vhigh,4,4,small,high
499,high,vhigh,4,4,med,low
500,high,vhigh,4,4,med,med
501,high,vhigh,4,4,med,high
502,high,vhigh,4,4,big,low
503,high,vhigh,4,4,big,med
504,high,vhigh,4,4,big,high
505,high,vhigh,4,more,small,low
506,high,vhigh,4,more,small,med
507,high,vhigh,4,more,small,high
508,high,vhigh,4,more,med,low
509,high,vhigh,4,more,med,med
510,high,vhigh,4,more,med,high
511,high,vhigh,4,more,big,low
512,high,vhigh,4,more,big,med
513,high,vhigh,4,more,big,high
514,high,vhigh,5more,2,small,low
515,high,vhigh,5more,2,small,med
516,high,vhigh,5more,2,small,high
517,high,vhigh,5more,2,med,low
518,high,vhigh,5more,2,med,med
519,high,vhigh,5more,2,med,high
520,high,vhigh,5more,2,big,low
521,high,vhigh,5more,2,big,med
522,high,vhigh,5more,2,big,high
523,high,vhigh,5more,4,small,low
524,high,vhigh,5more,4,small,med
525,high,vhigh,5more,4,small,high
526,high,vhigh,5more,4,med,low
527,high,vhigh,5more,4,med,med
528,high,vhigh,5more,4,med,high
529,high,vhigh,5more,4,big,low
530,high,vhigh,5more,4,big,med
531,high,vhigh,5more,4,big,high
532,high,vhigh,5more,more,small,low
533,high,vhigh,5more,more,small,med
534,high,vhigh,5more,more,small,high
535,high,vhigh,5more,more,med,low
536,high,vhigh,5more,more,med,med
537,high,vhigh,5more,more,med,high
538,high,vhigh,5more,more,big,low
539,high,vhigh,5more,more,big,med
540,high,vhigh,5more,more,big,high
541,high,high,2,2,small,low
542,high,high,2,2,small,med
543,high,high,2,2,small,high
544,high,high,2,2,med,low
545,high,high,2,2,med,med
546,high,high,2,2,med,high
547,high,high,2,2,big,low
548,high,high,2,2,big,med
549,high,high,2,2,big,high
550,high,high,2,4,small,low
551,high,high,2,4,small,med
552,high,high,2,4,small,high
553,high,high,2,4,med,low
554,high,high,2,4,med,med
555,high,high,2,4,med,high
556,high,high,2,4,big,low
557,high,high,2,4,big,med
558,high,high,2,4,big,high
559,high,high,2,more,small,low
560,high,high,2,more,small,med
561,high,high,2,more,small,high
562,high,high,2,more,med,low
563,high,high,2,more,med,med
564,high,high,2,more,med,high
565,high,high,2,more,big,low
566,high,high,2,more,big,med
567,high,high,2,more,big,high
568,high,high,3,2,small,low
569,high,high,3,2,small,med
570,high,high,3,2,small,high
571,high,high,3,2,med,low
572,high,high,3,2,med,med
573,high,high,3,2,med,high
574,high,high,3,2,big,low
575,high,high,3,2,big,med
576,high,high,3,2,big,high
577,high,high,3,4,small,low
578,high,high,3,4,small,med
579,high,high,3,4,small,high
580,high,high,3,4,med,low
581,high,high,3,4,med,med
582,high,high,3,4,med,high
583,high,high,3,4,big,low
584,high,high,3,4,big,med
585,high,high,3,4,big,high
586,high,high,3,more,small,low
587,high,high,3,more,small,med
588,high,high,3,more,small,high
589,high,high,3,more,med,low
590,high,high,3,more,med,med
591,high,high,3,more,med,high
592,high,high,3,more,big,low
593,high,high,3,more,big,med
594,high,high,3,more,big,high
595,high,high,4,2,small,low
596,high,high,4,2,small,med
597,high,high,4,2,small,high
598,high,high,4,2,med,low
599,high,high,4,2,med,med
600,high,high,4,2,med,high
601,high,high,4,2,big,low
602,high,high,4,2,big,med
603,high,high,4,2,big,high
604,high,high,4,4,small,low
605,high,high,4,4,small,med
606,high,high,4,4,small,high
607,high,high,4,4,med,low
608,high,high,4,4,med,med
609,high,high,4,4,med,high
610,high,high,4,4,big,low
611,high,high,4,4,big,med
612,high,high,4,4,big,high
613,high,high,4,more,small,low
614,high,high,4,more,small,med
615,high,high,4,more,small,high
616,high,high,4,more,med,low
617,high,high,4,more,med,med
618,high,high,4,more,med,high
619,high,high,4,more,big,low
620,high,high,4,more,big,med
621,high,high,4,more,big,high
622,high,high,5more,2,small,low
623,high,high,5more,2,small,med
624,high,high,5more,2,small,high
625,high,high,5more,2,med,low
626,high,high,5more,2,med,med
627,high,high,5more,2,med,high
628,high,high,5more,2,big,low
629,high,high,5more,2,big,med
630,high,high,5more,2,big,high
631,high,high,5more,4,small,low
632,high,high,5more,4,small,med
633,high,high,5more,4,small,high
634,high,high,5more,4,med,low
635,high,high,5more,4,med,med
636,high,high,5more,4,med,high
637,high,high,5more,4,big,low
638,high,high,5more,4,big,med
639,high,high,5more,4,big,high
640,high,high,5more,more,small,low
641,high,high,5more,more,small,med
642,high,high,5more,more,small,high
643,high,high,5more,more,med,low
644,high,high,5more,more,med,med
645,high,high,5more,more,med,high
646,high,high,5more,more,big,low
647,high,high,5more,more,big,med
648,high,high,5more,more,big,high
649,high,med,2,2,small,low
650,high,med,2,2,small,med
651,high,med,2,2,small,high
652,high,med,2,2,med,low
653,high,med,2,2,med,med
654,high,med,2,2,med,high
655,high,med,2,2,big,low
656,high,med,2,2,big,med
657,high,med,2,2,big,high
658,high,med,2,4,small,low
659,high,med,2,4,small,med
660,high,med,2,4,small,high
661,high,med,2,4,med,low
662,high,med,2,4,med,med
663,high,med,2,4,med,high
664,high,med,2,4,big,low
665,high,med,2,4,big,med
666,high,med,2,4,big,high
667,high,med,2,more,small,low
668,high,med,2,more,small,med
669,high,med,2,more,small,high
670,high,med,2,more,med,low
671,high,med,2,more,med,med
672,high,med,2,more,med,high
673,high,med,2,more,big,low
674,high,med,2,more,big,med
675,high,med,2,more,big,high
676,high,med,3,2,small,low
677,high,med,3,2,small,med
678,high,med,3,2,small,high
679,high,med,3,2,med,low
680,high,med,3,2,med,med
681,high,med,3,2,med,high
682,high,med,3,2,big,low
683,high,med,3,2,big,med
684,high,med,3,2,big,high
685,high,med,3,4,small,low
686,high,med,3,4,small,med
687,high,med,3,4,small,high
688,high,med,3,4,med,low
689,high,med,3,4,med,med
690,high,med,3,4,med,high
691,high,med,3,4,big,low
692,high,med,3,4,big,med
693,high,med,3,4,big,high
694,high,med,3,more,small,low
695,high,med,3,more,small,med
696,high,med,3,more,small,high
697,high,med,3,more,med,low
698,high,med,3,more,med,med
699,high,med,3,more,med,high
700,high,med,3,more,big,low
701,high,med,3,more,big,med
702,high,med,3,more,big,high
703,high,med,4,2,small,low
704,high,med,4,2,small,med
705,high,med,4,2,small,high
706,high,med,4,2,med,low
707,high,med,4,2,med,med
708,high,med,4,2,med,high
709,high,med,4,2,big,low
710,high,med,4,2,big,med
711,high,med,4,2,big,high
712,high,med,4,4,small,low
713,high,med,4,4,small,med
714,high,med,4,4,small,high
715,high,med,4,4,med,low
716,high,med,4,4,med,med
717,high,med,4,4,med,high
718,high,med,4,4,big,low
719,high,med,4,4,big,med
720,high,med,4,4,big,high
721,high,med,4,more,small,low
722,high,med,4,more,small,med
723,high,med,4,more,small,high
724,high,med,4,more,med,low
725,high,med,4,more,med,med
726,high,med,4,more,med,high
727,high,med,4,more,big,low
728,high,med,4,more,big,med
729,high,med,4,more,big,high
730,high,med,5more,2,small,low
731,high,med,5more,2,small,med
732,high,med,5more,2,small,high
733,high,med,5more,2,med,low
734,high,med,5more,2,med,med
735,high,med,5more,2,med,high
736,high,med,5more,2,big,low
737,high,med,5more,2,big,med
738,high,med,5more,2,big,high
739,high,med,5more,4,small,low
740,high,med,5more,4,small,med
741,high,med,5more,4,small,high
742,high,med,5more,4,med,low
743,high,med,5more,4,med,med
744,high,med,5more,4,med,high
745,high,med,5more,4,big,low
746,high,med,5more,4,big,med
747,high,med,5more,4,big,high
748,high,med,5more,more,small,low
749,high,med,5more,more,small,med
750,high,med,5more,more,small,high
751,high,med,5more,more,med,low
752,high,med,5more,more,med,med
753,high,med,5more,more,med,high
754,high,med,5more,more,big,low
755,high,med,5more,more,big,med
756,high,med,5more,more,big,high
757,high,low,2,2,small,low
758,high,low,2,2,small,med
759,high,low,2,2,small,high
760,high,low,2,2,med,low
761,high,low,2,2,med,med
762,high,low,2,2,med,high
763,high,low,2,2,big,low
764,high,low,2,2,big,med
765,high,low,2,2,big,high
766,high,low,2,4,small,low
767,high,low,2,4,small,med
768,high,low,2,4,small,high
769,high,low,2,4,med,low
770,high,low,2,4,med,med
771,high,low,2,4,med,high
772,high,low,2,4,big,low
773,high,low,2,4,big,med
774,high,low,2,4,big,high
775,high,low,2,more,small,low
776,high,low,2,more,small,med
777,high,low,2,more,small,high
778,high,low,2,more,med,low
779,high,low,2,more,med,med
780,high,low,2,more,med,high
781,high,low,2,more,big,low
782,high,low,2,more,big,med
783,high,low,2,more,big,high
784,high,low,3,2,small,low
785,high,low,3,2,small,med
786,high,low,3,2,small,high
787,high,low,3,2,med,low
788,high,low,3,2,med,med
789,high,low,3,2,med,high
790,high,low,3,2,big,low
791,high,low,3,2,big,med
792,high,low,3,2,big,high
793,high,low,3,4,small,low
794,high,low,3,4,small,med
795,high,low,3,4,small,high
796,high,low,3,4,med,low
797,high,low,3,4,med,med
798,high,low,3,4,med,high
799,high,low,3,4,big,low
800,high,low,3,4,big,med
801,high,low,3,4,big,high
802,high,low,3,more,small,low
803,high,low,3,more,small,med
804,high,low,3,more,small,high
805,high,low,3,more,med,low
806,high,low,3,more,med,med
807,high,low,3,more,med,high
808,high,low,3,more,big,low
809,high,low,3,more,big,med
810,high,low,3,more,big,high
811,high,low,4,2,small,low
812,high,low,4,2,small,med
813,high,low,4,2,small,high
814,high,low,4,2,med,low
815,high,low,4,2,med,med
816,high,low,4,2,med,high
817,high,low,4,2,big,low
818,high,low,4,2,big,med
819,high,low,4,2,big,high
820,high,low,4,4,small,low
821,high,low,4,4,small,med
822,high,low,4,4,small,high
823,high,low,4,4,med,low
824,high,low,4,4,med,med
825,high,low,4,4,med,high
826,high,low,4,4,big,low
827,high,low,4,4,big,med
828,high,low,4,4,big,high
829,high,low,4,more,small,low
830,high,low,4,more,small,med
831,high,low,4,more,small,high
832,high,low,4,more,med,low
833,high,low,4,more,med,med
834,high,low,4,more,med,high
835,high,low,4,more,big,low
836,high,low,4,more,big,med
837,high,low,4,more,big,high
838,high,low,5more,2,small,low
839,high,low,5more,2,small,med
840,high,low,5more,2,small,high
841,high,low,5more,2,med,low
842,high,low,5more,2,med,med
843,high,low,5more,2,med,high
844,high,low,5more,2,big,low
845,high,low,5more,2,big,med
846,high,low,5more,2,big,high
847,high,low,5more,4,small,low
848,high,low,5more,4,small,med
849,high,low,5more,4,small,high
850,high,low,5more,4,med,low
851,high,low,5more,4,med,med
852,high,low,5more,4,med,high
853,high,low,5more,4,big,low
854,high,low,5more,4,big,med
855,high,low,5more,4,big,high
856,high,low,5more,more,small,low
857,high,low,5more,more,small,med
858,high,low,5more,more,small,high
859,high,low,5more,more,med,low
860,high,low,5more,more,med,med
861,high,low,5more,more,med,high
862,high,low,5more,more,big,low
863,high,low,5more,more,big,med
864,high,low,5more,more,big,high
865,med,vhigh,2,2,small,low
866,med,vhigh,2,2,small,med
867,med,vhigh,2,2,small,high
868,med,vhigh,2,2,med,low
869,med,vhigh,2,2,med,med
870,med,vhigh,2,2,med,high
871,med,vhigh,2,2,big,low
872,med,vhigh,2,2,big,med
873,med,vhigh,2,2,big,high
874,med,vhigh,2,4,small,low
875,med,vhigh,2,4,small,med
876,med,vhigh,2,4,small,high
877,med,vhigh,2,4,med,low
878,med,vhigh,2,4,med,med
879,med,vhigh,2,4,med,high
880,med,vhigh,2,4,big,low
881,med,vhigh,2,4,big,med
882,med,vhigh,2,4,big,high
883,med,vhigh,2,more,small,low
884,med,vhigh,2,more,small,med
885,med,vhigh,2,more,small,high
886,med,vhigh,2,more,med,low
887,med,vhigh,2,more,med,med
888,med,vhigh,2,more,med,high
889,med,vhigh,2,more,big,low
890,med,vhigh,2,more,big,med
891,med,vhigh,2,more,big,high
892,med,vhigh,3,2,small,low
893,med,vhigh,3,2,small,med
894,med,vhigh,3,2,small,high
895,med,vhigh,3,2,med,low
896,med,vhigh,3,2,med,med
897,med,vhigh,3,2,med,high
898,med,vhigh,3,2,big,low
899,med,vhigh,3,2,big,med
900,med,vhigh,3,2,big,high
901,med,vhigh,3,4,small,low
902,med,vhigh,3,4,small,med
903,med,vhigh,3,4,small,high
904,med,vhigh,3,4,med,low
905,med,vhigh,3,4,med,med
906,med,vhigh,3,4,med,high
907,med,vhigh,3,4,big,low
908,med,vhigh,3,4,big,med
909,med,vhigh,3,4,big,high
910,med,vhigh,3,more,small,low
911,med,vhigh,3,more,small,med
912,med,vhigh,3,more,small,high
913,med,vhigh,3,more,med,low
914,med,vhigh,3,more,med,med
915,med,vhigh,3,more,med,high
916,med,vhigh,3,more,big,low
917,med,vhigh,3,more,big,med
918,med,vhigh,3,more,big,high
919,med,vhigh,4,2,small,low
920,med,vhigh,4,2,small,med
921,med,vhigh,4,2,small,high
922,med,vhigh,4,2,med,low
923,med,vhigh,4,2,med,med
924,med,vhigh,4,2,med,high
925,med,vhigh,4,2,big,low
926,med,vhigh,4,2,big,med
927,med,vhigh,4,2,big,high
928,med,vhigh,4,4,small,low
929,med,vhigh,4,4,small,med
930,med,vhigh,4,4,small,high
931,med,vhigh,4,4,med,low
932,med,vhigh,4,4,med,med
933,med,vhigh,4,4,med,high
934,med,vhigh,4,4,big,low
935,med,vhigh,4,4,big,med
936,med,vhigh,4,4,big,high
937,med,vhigh,4,more,small,low
938,med,vhigh,4,more,small,med
939,med,vhigh,4,more,small,high
940,med,vhigh,4,more,med,low
941,med,vhigh,4,more,med,med
942,med,vhigh,4,more,med,high
943,med,vhigh,4,more,big,low
944,med,vhigh,4,more,big,med
945,med,vhigh,4,more,big,high
946,med,vhigh,5more,2,small,low
947,med,vhigh,5more,2,small,med
948,med,vhigh,5more,2,small,high
949,med,vhigh,5more,2,med,low
950,med,vhigh,5more,2,med,med
951,med,vhigh,5more,2,med,high
952,med,vhigh,5more,2,big,low
953,med,vhigh,5more,2,big,med
954,med,vhigh,5more,2,big,high
955,med,vhigh,5more,4,small,low
956,med,vhigh,5more,4,small,med
957,med,vhigh,5more,4,small,high
958,med,vhigh,5more,4,med,low
959,med,vhigh,5more,4,med,med
960,med,vhigh,5more,4,med,high
961,med,vhigh,5more,4,big,low
962,med,vhigh,5more,4,big,med
963,med,vhigh,5more,4,big,high
964,med,vhigh,5more,more,small,low
965,med,vhigh,5more,more,small,med
966,med,vhigh,5more,more,small,high
967,med,vhigh,5more,more,med,low
968,med,vhigh,5more,more,med,med
969,med,vhigh,5more,more,med,high
970,med,vhigh,5more,more,big,low
971,med,vhigh,5more,more,big,med
972,med,vhigh,5more,more,big,high
973,med,high,2,2,small,low
974,med,high,2,2,small,med
975,med,high,2,2,small,high
976,med,high,2,2,med,low
977,med,high,2,2,med,med
978,med,high,2,2,med,high
979,med,high,2,2,big,low
980,med,high,2,2,big,med
981,med,high,2,2,big,high
982,med,high,2,4,small,low
983,med,high,2,4,small,med
984,med,high,2,4,small,high
985,med,high,2,4,med,low
986,med,high,2,4,med,med
987,med,high,2,4,med,high
988,med,high,2,4,big,low
989,med,high,2,4,big,med
990,med,high,2,4,big,high
991,med,high,2,more,small,low
992,med,high,2,more,small,med
993,med,high,2,more,small,high
994,med,high,2,more,med,low
995,med,high,2,more,med,med
996,med,high,2,more,med,high
997,med,high,2,more,big,low
998,med,high,2,more,big,med
999,med,high,2,more,big,high
1000,med,high,3,2,small,low
1001,med,high,3,2,small,med
1002,med,high,3,2,small,high
1003,med,high,3,2,med,low
1004,med,high,3,2,med,med
1005,med,high,3,2,med,high
1006,med,high,3,2,big,low
1007,med,high,3,2,big,med
1008,med,high,3,2,big,high
1009,med,high,3,4,small,low
1010,med,high,3,4,small,med
1011,med,high,3,4,small,high
1012,med,high,3,4,med,low
1013,med,high,3,4,med,med
1014,med,high,3,4,med,high
1015,med,high,3,4,big,low
1016,med,high,3,4,big,med
1017,med,high,3,4,big,high
1018,med,high,3,more,small,low
1019,med,high,3,more,small,med
1020,med,high,3,more,small,high
1021,med,high,3,more,med,low
1022,med,high,3,more,med,med
1023,med,high,3,more,med,high
1024,med,high,3,more,big,low
1025,med,high,3,more,big,med
1026,med,high,3,more,big,high
1027,med,high,4,2,small,low
1028,med,high,4,2,small,med
1029,med,high,4,2,small,high
1030,med,high,4,2,med,low
1031,med,high,4,2,med,med
1032,med,high,4,2,med,high
1033,med,high,4,2,big,low
1034,med,high,4,2,big,med
1035,med,high,4,2,big,high
1036,med,high,4,4,small,low
1037,med,high,4,4,small,med
1038,med,high,4,4,small,high
1039,med,high,4,4,med,low
1040,med,high,4,4,med,med
1041,med,high,4,4,med,high
1042,med,high,4,4,big,low
1043,med,high,4,4,big,med
1044,med,high,4,4,big,high
1045,med,high,4,more,small,low
1046,med,high,4,more,small,med
1047,med,high,4,more,small,high
1048,med,high,4,more,med,low
1049,med,high,4,more,med,med
1050,med,high,4,more,med,high
1051,med,high,4,more,big,low
1052,med,high,4,more,big,med
1053,med,high,4,more,big,high
1054,med,high,5more,2,small,low
1055,med,high,5more,2,small,med
1056,med,high,5more,2,small,high
1057,med,high,5more,2,med,low
1058,med,high,5more,2,med,med
1059,med,high,5more,2,med,high
1060,med,high,5more,2,big,low
1061,med,high,5more,2,big,med
1062,med,high,5more,2,big,high
1063,med,high,5more,4,small,low
1064,med,high,5more,4,small,med
1065,med,high,5more,4,small,high
1066,med,high,5more,4,med,low
1067,med,high,5more,4,med,med
1068,med,high,5more,4,med,high
1069,med,high,5more,4,big,low
1070,med,high,5more,4,big,med
1071,med,high,5more,4,big,high
1072,med,high,5more,more,small,low
1073,med,high,5more,more,small,med
1074,med,high,5more,more,small,high
1075,med,high,5more,more,med,low
1076,med,high,5more,more,med,med
1077,med,high,5more,more,med,high
1078,med,high,5more,more,big,low
1079,med,high,5more,more,big,med
1080,med,high,5more,more,big,high
1081,med,med,2,2,small,low
1082,med,med,2,2,small,med
1083,med,med,2,2,small,high
1084,med,med,2,2,med,low
1085,med,med,2,2,med,med
1086,med,med,2,2,med,high
1087,med,med,2,2,big,low
1088,med,med,2,2,big,med
1089,med,med,2,2,big,high
1090,med,med,2,4,small,low
1091,med,med,2,4,small,med
1092,med,med,2,4,small,high
1093,med,med,2,4,med,low
1094,med,med,2,4,med,med
1095,med,med,2,4,med,high
1096,med,med,2,4,big,low
1097,med,med,2,4,big,med
1098,med,med,2,4,big,high
1099,med,med,2,more,small,low
1100,med,med,2,more,small,med
1101,med,med,2,more,small,high
1102,med,med,2,more,med,low
1103,med,med,2,more,med,med
1104,med,med,2,more,med,high
1105,med,med,2,more,big,low
1106,med,med,2,more,big,med
1107,med,med,2,more,big,high
1108,med,med,3,2,small,low
1109,med,med,3,2,small,med
1110,med,med,3,2,small,high
1111,med,med,3,2,med,low
1112,med,med,3,2,med,med
1113,med,med,3,2,med,high
1114,med,med,3,2,big,low
1115,med,med,3,2,big,med
1116,med,med,3,2,big,high
1117,med,med,3,4,small,low
1118,med,med,3,4,small,med
1119,med,med,3,4,small,high
1120,med,med,3,4,med,low
1121,med,med,3,4,med,med
1122,med,med,3,4,med,high
1123,med,med,3,4,big,low
1124,med,med,3,4,big,med
1125,med,med,3,4,big,high
1126,med,med,3,more,small,low
1127,med,med,3,more,small,med
1128,med,med,3,more,small,high
1129,med,med,3,more,med,low
1130,med,med,3,more,med,med
1131,med,med,3,more,med,high
1132,med,med,3,more,big,low
1133,med,med,3,more,big,med
1134,med,med,3,more,big,high
1135,med,med,4,2,small,low
1136,med,med,4,2,small,med
1137,med,med,4,2,small,high
1138,med,med,4,2,med,low
1139,med,med,4,2,med,med
1140,med,med,4,2,med,high
1141,med,med,4,2,big,low
1142,med,med,4,2,big,med
1143,med,med,4,2,big,high
1144,med,med,4,4,small,low
1145,med,med,4,4,small,med
1146,med,med,4,4,small,high
1147,med,med,4,4,med,low
1148,med,med,4,4,med,med
1149,med,med,4,4,med,high
1150,med,med,4,4,big,low
1151,med,med,4,4,big,med
1152,med,med,4,4,big,high
1153,med,med,4,more,small,low
1154,med,med,4,more,small,med
1155,med,med,4,more,small,high
1156,med,med,4,more,med,low
1157,med,med,4,more,med,med
1158,med,med,4,more,med,high
1159,med,med,4,more,big,low
1160,med,med,4,more,big,med
1161,med,med,4,more,big,high
1162,med,med,5more,2,small,low
1163,med,med,5more,2,small,med
1164,med,med,5more,2,small,high
1165,med,med,5more,2,med,low
1166,med,med,5more,2,med,med
1167,med,med,5more,2,med,high
1168,med,med,5more,2,big,low
1169,med,med,5more,2,big,med
1170,med,med,5more,2,big,high
1171,med,med,5more,4,small,low
1172,med,med,5more,4,small,med
1173,med,med,5more,4,small,high
1174,med,med,5more,4,med,low
1175,med,med,5more,4,med,med
1176,med,med,5more,4,med,high
1177,med,med,5more,4,big,low
1178,med,med,5more,4,big,med
1179,med,med,5more,4,big,high
1180,med,med,5more,more,small,low
1181,med,med,5more,more,small,med
1182,med,med,5more,more,small,high
1183,med,med,5more,more,med,low
1184,med,med,5more,more,med,med
1185,med,med,5more,more,med,high
1186,med,med,5more,more,big,low
1187,med,med,5more,more,big,med
1188,med,med,5more,more,big,high
1189,med,low,2,2,small,low
1190,med,low,2,2,small,med
1191,med,low,2,2,small,high
1192,med,low,2,2,med,low
1193,med,low,2,2,med,med
1194,med,low,2,2,med,high
1195,med,low,2,2,big,low
1196,med,low,2,2,big,med
1197,med,low,2,2,big,high
1198,med,low,2,4,small,low
1199,med,low,2,4,small,med
1200,med,low,2,4,small,high
1201,med,low,2,4,med,low
1202,med,low,2,4,med,med
1203,med,low,2,4,med,high
1204,med,low,2,4,big,low
1205,med,low,2,4,big,med
1206,med,low,2,4,big,high
1207,med,low,2,more,small,low
1208,med,low,2,more,small,med
1209,med,low,2,more,small,high
1210,med,low,2,more,med,low
1211,med,low,2,more,med,med
1212,med,low,2,more,med,high
1213,med,low,2,more,big,low
1214,med,low,2,more,big,med
1215,med,low,2,more,big,high
1216,med,low,3,2,small,low
1217,med,low,3,2,small,med
1218,med,low,3,2,small,high
1219,med,low,3,2,med,low
1220,med,low,3,2,med,med
1221,med,low,3,2,med,high
1222,med,low,3,2,big,low
1223,med,low,3,2,big,med
1224,med,low,3,2,big,high
1225,med,low,3,4,small,low
1226,med,low,3,4,small,med
1227,med,low,3,4,small,high
1228,med,low,3,4,med,low
1229,med,low,3,4,med,med
1230,med,low,3,4,med,high
1231,med,low,3,4,big,low
1232,med,low,3,4,big,med
1233,med,low,3,4,big,high
1234,med,low,3,more,small,low
1235,med,low,3,more,small,med
1236,med,low,3,more,small,high
1237,med,low,3,more,med,low
1238,med,low,3,more,med,med
1239,med,low,3,more,med,high
1240,med,low,3,more,big,low
1241,med,low,3,more,big,med
1242,med,low,3,more,big,high
1243,med,low,4,2,small,low
1244,med,low,4,2,small,med
1245,med,low,4,2,small,high
1246,med,low,4,2,med,low
1247,med,low,4,2,med,med
1248,med,low,4,2,med,high
1249,med,low,4,2,big,low
1250,med,low,4,2,big,med
1251,med,low,4,2,big,high
1252,med,low,4,4,small,low
1253,med,low,4,4,small,med
1254,med,low,4,4,small,high
1255,med,low,4,4,med,low
1256,med,low,4,4,med,med
1257,med,low,4,4,med,high
1258,med,low,4,4,big,low
1259,med,low,4,4,big,med
1260,med,low,4,4,big,high
1261,med,low,4,more,small,low
1262,med,low,4,more,small,med
1263,med,low,4,more,small,high
1264,med,low,4,more,med,low
1265,med,low,4,more,med,med
1266,med,low,4,more,med,high
1267,med,low,4,more,big,low
1268,med,low,4,more,big,med
1269,med,low,4,more,big,high
1270,med,low,5more,2,small,low
1271,med,low,5more,2,small,med
1272,med,low,5more,2,small,high
1273,med,low,5more,2,med,low
1274,med,low,5more,2,med,med
1275,med,low,5more,2,med,high
1276,med,low,5more,2,big,low
1277,med,low,5more,2,big,med
1278,med,low,5more,2,big,high
1279,med,low,5more,4,small,low
1280,med,low,5more,4,small,med
1281,med,low,5more,4,small,high
1282,med,low,5more,4,med,low
1283,med,low,5more,4,med,med
1284,med,low,5more,4,med,high
1285,med,low,5more,4,big,low
1286,med,low,5more,4,big,med
1287,med,low,5more,4,big,high
1288,med,low,5more,more,small,low
1289,med,low,5more,more,small,med
1290,med,low,5more,more,small,high
1291,med,low,5more,more,med,low
1292,med,low,5more,more,med,med
1293,med,low,5more,more,med,high
1294,med,low,5more,more,big,low
1295,med,low,5more,more,big,med
1296,med,low,5more,more,big,high
1297,low,vhigh,2,2,small,low
1298,low,vhigh,2,2,small,med
1299,low,vhigh,2,2,small,high
1300,low,vhigh,2,2,med,low
1301,low,vhigh,2,2,med,med
1302,low,vhigh,2,2,med,high
1303,low,vhigh,2,2,big,low
1304,low,vhigh,2,2,big,med
1305,low,vhigh,2,2,big,high
1306,low,vhigh,2,4,small,low
1307,low,vhigh,2,4,small,med
1308,low,vhigh,2,4,small,high
1309,low,vhigh,2,4,med,low
1310,low,vhigh,2,4,med,med
1311,low,vhigh,2,4,med,high
1312,low,vhigh,2,4,big,low
1313,low,vhigh,2,4,big,med
1314,low,vhigh,2,4,big,high
1315,low,vhigh,2,more,small,low
1316,low,vhigh,2,more,small,med
1317,low,vhigh,2,more,small,high
1318,low,vhigh,2,more,med,low
1319,low,vhigh,2,more,med,med
1320,low,vhigh,2,more,med,high
1321,low,vhigh,2,more,big,low
1322,low,vhigh,2,more,big,med
1323,low,vhigh,2,more,big,high
1324,low,vhigh,3,2,small,low
1325,low,vhigh,3,2,small,med
1326,low,vhigh,3,2,small,high
1327,low,vhigh,3,2,med,low
1328,low,vhigh,3,2,med,med
1329,low,vhigh,3,2,med,high
1330,low,vhigh,3,2,big,low
1331,low,vhigh,3,2,big,med
1332,low,vhigh,3,2,big,high
1333,low,vhigh,3,4,small,low
1334,low,vhigh,3,4,small,med
1335,low,vhigh,3,4,small,high
1336,low,vhigh,3,4,med,low
1337,low,vhigh,3,4,med,med
1338,low,vhigh,3,4,med,high
1339,low,vhigh,3,4,big,low
1340,low,vhigh,3,4,big,med
1341,low,vhigh,3,4,big,high
1342,low,vhigh,3,more,small,low
1343,low,vhigh,3,more,small,med
1344,low,vhigh,3,more,small,high
1345,low,vhigh,3,more,med,low
1346,low,vhigh,3,more,med,med
1347,low,vhigh,3,more,med,high
1348,low,vhigh,3,more,big,low
1349,low,vhigh,3,more,big,med
1350,low,vhigh,3,more,big,high
1351,low,vhigh,4,2,small,low
1352,low,vhigh,4,2,small,med
1353,low,vhigh,4,2,small,high
1354,low,vhigh,4,2,med,low
1355,low,vhigh,4,2,med,med
1356,low,vhigh,4,2,med,high
1357,low,vhigh,4,2,big,low
1358,low,vhigh,4,2,big,med
1359,low,vhigh,4,2,big,high
1360,low,vhigh,4,4,small,low
1361,low,vhigh,4,4,small,med
1362,low,vhigh,4,4,small,high
1363,low,vhigh,4,4,med,low
1364,low,vhigh,4,4,med,med
1365,low,vhigh,4,4,med,high
1366,low,vhigh,4,4,big,low
1367,low,vhigh,4,4,big,med
1368,low,vhigh,4,4,big,high
1369,low,vhigh,4,more,small,low
1370,low,vhigh,4,more,small,med
1371,low,vhigh,4,more,small,high
1372,low,vhigh,4,more,med,low
1373,low,vhigh,4,more,med,med
1374,low,vhigh,4,more,med,high
1375,low,vhigh,4,more,big,low
1376,low,vhigh,4,more,big,med
1377,low,vhigh,4,more,big,high
1378,low,vhigh,5more,2,small,low
1379,low,vhigh,5more,2,small,med
1380,low,vhigh,5more,2,small,high
1381,low,vhigh,5more,2,med,low
1382,low,vhigh,5more,2,med,med
1383,low,vhigh,5more,2,med,high
1384,low,vhigh,5more,2,big,low
1385,low,vhigh,5more,2,big,med
1386,low,vhigh,5more,2,big,high
1387,low,vhigh,5more,4,small,low
1388,low,vhigh,5more,4,small,med
1389,low,vhigh,5more,4,small,high
1390,low,vhigh,5more,4,med,low
1391,low,vhigh,5more,4,med,med
1392,low,vhigh,5more,4,med,high
1393,low,vhigh,5more,4,big,low
1394,low,vhigh,5more,4,big,med
1395,low,vhigh,5more,4,big,high
1396,low,vhigh,5more,more,small,low
1397,low,vhigh,5more,more,small,med
1398,low,vhigh,5more,more,small,high
1399,low,vhigh,5more,more,med,low
1400,low,vhigh,5more,more,med,med
1401,low,vhigh,5more,more,med,high
1402,low,vhigh,5more,more,big,low
1403,low,vhigh,5more,more,big,med
1404,low,vhigh,5more,more,big,high
1405,low,high,2,2,small,low
1406,low,high,2,2,small,med
1407,low,high,2,2,small,high
1408,low,high,2,2,med,low
1409,low,high,2,2,med,med
1410,low,high,2,2,med,high
1411,low,high,2,2,big,low
1412,low,high,2,2,big,med
1413,low,high,2,2,big,high
1414,low,high,2,4,small,low
1415,low,high,2,4,small,med
1416,low,high,2,4,small,high
1417,low,high,2,4,med,low
1418,low,high,2,4,med,med
1419,low,high,2,4,med,high
1420,low,high,2,4,big,low
1421,low,high,2,4,big,med
1422,low,high,2,4,big,high
1423,low,high,2,more,small,low
1424,low,high,2,more,small,med
1425,low,high,2,more,small,high
1426,low,high,2,more,med,low
1427,low,high,2,more,med,med
1428,low,high,2,more,med,high
1429,low,high,2,more,big,low
1430,low,high,2,more,big,med
1431,low,high,2,more,big,high
1432,low,high,3,2,small,low
1433,low,high,3,2,small,med
1434,low,high,3,2,small,high
1435,low,high,3,2,med,low
1436,low,high,3,2,med,med
1437,low,high,3,2,med,high
1438,low,high,3,2,big,low
1439,low,high,3,2,big,med
1440,low,high,3,2,big,high
1441,low,high,3,4,small,low
1442,low,high,3,4,small,med
1443,low,high,3,4,small,high
1444,low,high,3,4,med,low
1445,low,high,3,4,med,med
1446,low,high,3,4,med,high
1447,low,high,3,4,big,low
1448,low,high,3,4,big,med
1449,low,high,3,4,big,high
1450,low,high,3,more,small,low
1451,low,high,3,more,small,med
1452,low,high,3,more,small,high
1453,low,high,3,more,med,low
1454,low,high,3,more,med,med
1455,low,high,3,more,med,high
1456,low,high,3,more,big,low
1457,low,high,3,more,big,med
1458,low,high,3,more,big,high
1459,low,high,4,2,small,low
1460,low,high,4,2,small,med
1461,low,high,4,2,small,high
1462,low,high,4,2,med,low
1463,low,high,4,2,med,med
1464,low,high,4,2,med,high
1465,low,high,4,2,big,low
1466,low,high,4,2,big,med
1467,low,high,4,2,big,high
1468,low,high,4,4,small,low
1469,low,high,4,4,small,med
1470,low,high,4,4,small,high
1471,low,high,4,4,med,low
1472,low,high,4,4,med,med
1473,low,high,4,4,med,high
1474,low,high,4,4,big,low
1475,low,high,4,4,big,med
1476,low,high,4,4,big,high
1477,low,high,4,more,small,low
1478,low,high,4,more,small,med
1479,low,high,4,more,small,high
1480,low,high,4,more,med,low
1481,low,high,4,more,med,med
1482,low,high,4,more,med,high
1483,low,high,4,more,big,low
1484,low,high,4,more,big,med
1485,low,high,4,more,big,high
1486,low,high,5more,2,small,low
1487,low,high,5more,2,small,med
1488,low,high,5more,2,small,high
1489,low,high,5more,2,med,low
1490,low,high,5more,2,med,med
1491,low,high,5more,2,med,high
1492,low,high,5more,2,big,low
1493,low,high,5more,2,big,med
1494,low,high,5more,2,big,high
1495,low,high,5more,4,small,low
1496,low,high,5more,4,small,med
1497,low,high,5more,4,small,high
1498,low,high,5more,4,med,low
1499,low,high,5more,4,med,med
1500,low,high,5more,4,med,high
1501,low,high,5more,4,big,low
1502,low,high,5more,4,big,med
1503,low,high,5more,4,big,high
1504,low,high,5more,more,small,low
1505,low,high,5more,more,small,med
1506,low,high,5more,more,small,high
1507,low,high,5more,more,med,low
1508,low,high,5more,more,med,med
1509,low,high,5more,more,med,high
1510,low,high,5more,more,big,low
1511,low,high,5more,more,big,med
1512,low,high,5more,more,big,high
1513,low,med,2,2,small,low
1514,low,med,2,2,small,med
1515,low,med,2,2,small,high
1516,low,med,2,2,med,low
1517,low,med,2,2,med,med
1518,low,med,2,2,med,high
1519,low,med,2,2,big,low
1520,low,med,2,2,big,med
1521,low,med,2,2,big,high
1522,low,med,2,4,small,low
1523,low,med,2,4,small,med
1524,low,med,2,4,small,high
1525,low,med,2,4,med,low
1526,low,med,2,4,med,med
1527,low,med,2,4,med,high
1528,low,med,2,4,big,low
1529,low,med,2,4,big,med
1530,low,med,2,4,big,high
1531,low,med,2,more,small,low
1532,low,med,2,more,small,med
1533,low,med,2,more,small,high
1534,low,med,2,more,med,low
1535,low,med,2,more,med,med
1536,low,med,2,more,med,high
1537,low,med,2,more,big,low
1538,low,med,2,more,big,med
1539,low,med,2,more,big,high
1540,low,med,3,2,small,low
1541,low,med,3,2,small,med
1542,low,med,3,2,small,high
1543,low,med,3,2,med,low
1544,low,med,3,2,med,med
1545,low,med,3,2,med,high
1546,low,med,3,2,big,low
1547,low,med,3,2,big,med
1548,low,med,3,2,big,high
1549,low,med,3,4,small,low
1550,low,med,3,4,small,med
1551,low,med,3,4,small,high
1552,low,med,3,4,med,low
1553,low,med,3,4,med,med
1554,low,med,3,4,med,high
1555,low,med,3,4,big,low
1556,low,med,3,4,big,med
1557,low,med,3,4,big,high
1558,low,med,3,more,small,low
1559,low,med,3,more,small,med
1560,low,med,3,more,small,high
1561,low,med,3,more,med,low
1562,low,med,3,more,med,med
1563,low,med,3,more,med,high
1564,low,med,3,more,big,low
1565,low,med,3,more,big,med
1566,low,med,3,more,big,high
1567,low,med,4,2,small,low
1568,low,med,4,2,small,med
1569,low,med,4,2,small,high
1570,low,med,4,2,med,low
1571,low,med,4,2,med,med
1572,low,med,4,2,med,high
1573,low,med,4,2,big,low
1574,low,med,4,2,big,med
1575,low,med,4,2,big,high
1576,low,med,4,4,small,low
1577,low,med,4,4,small,med
1578,low,med,4,4,small,high
1579,low,med,4,4,med,low
1580,low,med,4,4,med,med
1581,low,med,4,4,med,high
1582,low,med,4,4,big,low
1583,low,med,4,4,big,med
1584,low,med,4,4,big,high
1585,low,med,4,more,small,low
1586,low,med,4,more,small,med
1587,low,med,4,more,small,high
1588,low,med,4,more,med,low
1589,low,med,4,more,med,med
1590,low,med,4,more,med,high
1591,low,med,4,more,big,low
1592,low,med,4,more,big,med
1593,low,med,4,more,big,high
1594,low,med,5more,2,small,low
1595,low,med,5more,2,small,med
1596,low,med,5more,2,small,high
1597,low,med,5more,2,med,low
1598,low,med,5more,2,med,med
1599,low,med,5more,2,med,high
1600,low,med,5more,2,big,low
1601,low,med,5more,2,big,med
1602,low,med,5more,2,big,high
1603,low,med,5more,4,small,low
1604,low,med,5more,4,small,med
1605,low,med,5more,4,small,high
1606,low,med,5more,4,med,low
1607,low,med,5more,4,med,med
1608,low,med,5more,4,med,high
1609,low,med,5more,4,big,low
1610,low,med,5more,4,big,med
1611,low,med,5more,4,big,high
1612,low,med,5more,more,small,low
1613,low,med,5more,more,small,med
1614,low,med,5more,more,small,high
1615,low,med,5more,more,med,low
1616,low,med,5more,more,med,med
1617,low,med,5more,more,med,high
1618,low,med,5more,more,big,low
1619,low,med,5more,more,big,med
1620,low,med,5more,more,big,high
1621,low,low,2,2,small,low
1622,low,low,2,2,small,med
1623,low,low,2,2,small,high
1624,low,low,2,2,med,low
1625,low,low,2,2,med,med
1626,low,low,2,2,med,high
1627,low,low,2,2,big,low
1628,low,low,2,2,big,med
1629,low,low,2,2,big,high
1630,low,low,2,4,small,low
1631,low,low,2,4,small,med
1632,low,low,2,4,small,high
1633,low,low,2,4,med,low
1634,low,low,2,4,med,med
1635,low,low,2,4,med,high
1636,low,low,2,4,big,low
1637,low,low,2,4,big,med
1638,low,low,2,4,big,high
1639,low,low,2,more,small,low
1640,low,low,2,more,small,med
1641,low,low,2,more,small,high
1642,low,low,2,more,med,low
1643,low,low,2,more,med,med
1644,low,low,2,more,med,high
1645,low,low,2,more,big,low
1646,low,low,2,more,big,med
1647,low,low,2,more,big,high
1648,low,low,3,2,small,low
1649,low,low,3,2,small,med
1650,low,low,3,2,small,high
1651,low,low,3,2,med,low
1652,low,low,3,2,med,med
1653,low,low,3,2,med,high
1654,low,low,3,2,big,low
1655,low,low,3,2,big,med
1656,low,low,3,2,big,high
1657,low,low,3,4,small,low
1658,low,low,3,4,small,med
1659,low,low,3,4,small,high
1660,low,low,3,4,med,low
1661,low,low,3,4,med,med
1662,low,low,3,4,med,high
1663,low,low,3,4,big,low
1664,low,low,3,4,big,med
1665,low,low,3,4,big,high
1666,low,low,3,more,small,low
1667,low,low,3,more,small,med
1668,low,low,3,more,small,high
1669,low,low,3,more,med,low
1670,low,low,3,more,med,med
1671,low,low,3,more,med,high
1672,low,low,3,more,big,low
1673,low,low,3,more,big,med
1674,low,low,3,more,big,high
1675,low,low,4,2,small,low
1676,low,low,4,2,small,med
1677,low,low,4,2,small,high
1678,low,low,4,2,med,low
1679,low,low,4,2,med,med
1680,low,low,4,2,med,high
1681,low,low,4,2,big,low
1682,low,low,4,2,big,med
1683,low,low,4,2,big,high
1684,low,low,4,4,small,low
1685,low,low,4,4,small,med
1686,low,low,4,4,small,high
1687,low,low,4,4,med,low
1688,low,low,4,4,med,med
1689,low,low,4,4,med,high
1690,low,low,4,4,big,low
1691,low,low,4,4,big,med
1692,low,low,4,4,big,high
1693,low,low,4,more,small,low
1694,low,low,4,more,small,med
1695,low,low,4,more,small,high
1696,low,low,4,more,med,low
1697,low,low,4,more,med,med
1698,low,low,4,more,med,high
1699,low,low,4,more,big,low
1700,low,low,4,more,big,med
1701,low,low,4,more,big,high
1702,low,low,5more,2,small,low
1703,low,low,5more,2,small,med
1704,low,low,5more,2,small,high
1705,low,low,5more,2,med,low
1706,low,low,5more,2,med,med
1707,low,low,5more,2,med,high
1708,low,low,5more,2,big,low
1709,low,low,5more,2,big,med
1710,low,low,5more,2,big,high
1711,low,low,5more,4,small,low
1712,low,low,5more,4,small,med
1713,low,low,5more,4,small,high
1714,low,low,5more,4,med,low
1715,low,low,5more,4,med,med
1716,low,low,5more,4,med,high
1717,low,low,5more,4,big,low
1718,low,low,5more,4,big,med
1719,low,low,5more,4,big,high
1720,low,low,5more,more,small,low
1721,low,low,5more,more,small,med
1722,low,low,5more,more,small,high
1723,low,low,5more,more,med,low
1724,low,low,5more,more,med,med
1725,low,low,5more,more,med,high
1726,low,low,5more,more,big,low
1727,low,low,5more,more,big,med
1728,low,low,5more,more,big,high
