high,high,high,high,vhigh,high,high,medium,high,high,medium,high,high,medium,high,high,medium,high,van
medium,medium,high,low,low,high,medium,high,medium,medium,medium,medium,medium,high,high,high,high,high,van
vhigh,vhigh,vhigh,vhigh,vhigh,high,vhigh,low,vhigh,high,vhigh,vhigh,vhigh,high,vhigh,medium,medium,medium,saab
high,medium,high,medium,high,high,low,vhigh,medium,medium,low,low,low,low,high,medium,vhigh,vhigh,van
low,medium,low,vhigh,vhigh,vhigh,medium,high,medium,medium,vhigh,medium,high,vhigh,high,medium,low,low,bus
vhigh,vhigh,vhigh,high,low,low,vhigh,low,vhigh,vhigh,vhigh,vhigh,vhigh,vhigh,medium,medium,low,low,bus
high,medium,medium,high,high,low,medium,medium,medium,medium,medium,medium,medium,low,vhigh,low,vhigh,vhigh,bus
medium,medium,low,medium,high,high,low,vhigh,low,high,low,low,medium,low,medium,low,high,vhigh,van
low,low,low,low,medium,medium,low,vhigh,low,low,low,low,low,low,low,high,vhigh,vhigh,van
high,medium,vhigh,vhigh,high,vhigh,high,medium,high,high,high,high,medium,low,medium,high,vhigh,vhigh,saab
low,low,low,medium,medium,high,low,vhigh,low,low,low,low,low,low,low,medium,vhigh,vhigh,van
medium,low,low,low,low,low,low,vhigh,low,low,low,low,low,low,medium,vhigh,vhigh,vhigh,saab
medium,high,medium,high,vhigh,low,medium,high,medium,high,high,medium,high,medium,medium,medium,high,medium,bus
medium,medium,high,medium,medium,high,medium,high,medium,medium,medium,medium,medium,high,high,high,medium,high,van
high,high,medium,vhigh,vhigh,low,high,medium,high,high,high,high,vhigh,medium,high,low,vhigh,high,bus
high,vhigh,vhigh,vhigh,high,high,vhigh,low,vhigh,vhigh,vhigh,vhigh,vhigh,high,high,low,medium,medium,opel
medium,low,low,low,low,low,low,vhigh,low,low,low,low,low,vhigh,low,high,low,low,van
high,medium,medium,vhigh,vhigh,low,high,medium,high,medium,high,high,medium,high,medium,medium,vhigh,high,bus
vhigh,vhigh,vhigh,high,medium,high,vhigh,low,vhigh,vhigh,vhigh,vhigh,vhigh,high,medium,medium,medium,medium,saab
vhigh,vhigh,vhigh,vhigh,vhigh,high,vhigh,low,vhigh,vhigh,vhigh,vhigh,vhigh,high,high,low,medium,medium,opel
low,high,medium,medium,high,low,medium,high,medium,medium,medium,medium,high,high,low,low,medium,medium,bus
low,low,low,low,medium,low,low,vhigh,low,low,low,low,low,vhigh,high,low,low,low,van
high,medium,low,high,vhigh,medium,medium,high,medium,medium,medium,medium,high,medium,high,low,vhigh,vhigh,bus
low,low,low,medium,medium,medium,low,vhigh,low,low,low,low,low,medium,low,low,high,high,bus
high,vhigh,vhigh,vhigh,vhigh,vhigh,vhigh,low,vhigh,vhigh,vhigh,vhigh,vhigh,medium,low,medium,high,high,saab
low,high,high,medium,high,high,medium,high,medium,high,medium,medium,high,medium,low,low,medium,high,van
low,low,low,low,low,low,low,vhigh,low,low,low,low,low,vhigh,high,low,low,low,saab
vhigh,vhigh,vhigh,vhigh,high,vhigh,vhigh,low,vhigh,vhigh,vhigh,vhigh,vhigh,high,low,vhigh,medium,high,saab
vhigh,high,high,high,high,low,high,low,high,high,vhigh,high,medium,vhigh,high,medium,vhigh,medium,bus
low,low,low,low,low,medium,low,vhigh,medium,low,medium,low,medium,vhigh,high,vhigh,low,low,saab
medium,medium,high,medium,high,vhigh,medium,high,medium,high,medium,medium,high,high,medium,medium,medium,medium,van
medium,medium,medium,medium,medium,medium,low,vhigh,low,medium,low,low,medium,low,vhigh,medium,vhigh,vhigh,saab
high,low,low,medium,medium,low,low,vhigh,low,low,low,low,low,low,medium,high,vhigh,vhigh,opel
vhigh,high,vhigh,vhigh,vhigh,high,vhigh,low,vhigh,high,vhigh,vhigh,vhigh,medium,medium,vhigh,high,vhigh,opel
low,low,high,high,medium,medium,high,medium,high,low,high,high,low,low,low,vhigh,vhigh,vhigh,opel
vhigh,high,high,high,vhigh,high,medium,high,high,high,medium,medium,high,low,vhigh,medium,high,high,van
low,medium,medium,low,low,medium,medium,high,medium,high,medium,medium,high,vhigh,low,low,low,low,bus
medium,high,high,vhigh,vhigh,vhigh,medium,high,medium,high,vhigh,medium,vhigh,vhigh,low,high,medium,medium,van
vhigh,vhigh,vhigh,high,low,high,vhigh,low,vhigh,vhigh,vhigh,vhigh,vhigh,high,low,medium,medium,high,saab
low,high,low,high,vhigh,low,medium,high,medium,high,medium,medium,high,high,high,low,low,low,bus
high,high,vhigh,vhigh,vhigh,high,vhigh,low,vhigh,high,vhigh,vhigh,vhigh,high,medium,medium,medium,medium,opel
medium,low,low,low,low,low,low,vhigh,low,low,low,low,low,vhigh,high,high,low,low,van
high,high,high,low,low,vhigh,high,high,high,vhigh,medium,high,high,high,medium,low,low,medium,van
high,low,medium,high,high,medium,high,medium,high,low,high,high,low,low,medium,medium,high,high,saab
vhigh,vhigh,vhigh,vhigh,high,vhigh,vhigh,low,vhigh,vhigh,vhigh,vhigh,vhigh,low,vhigh,low,high,vhigh,saab
high,high,high,medium,medium,vhigh,high,high,high,vhigh,high,high,high,vhigh,low,low,low,medium,van
medium,medium,low,low,low,medium,low,vhigh,low,high,low,low,medium,medium,low,medium,high,medium,van
low,medium,low,low,low,low,medium,vhigh,medium,medium,medium,low,high,vhigh,high,high,low,low,bus
medium,high,high,medium,high,vhigh,medium,high,high,vhigh,medium,medium,high,vhigh,high,high,low,medium,van
medium,high,medium,high,medium,high,high,medium,high,high,high,high,high,low,low,medium,vhigh,vhigh,saab
low,low,low,low,low,low,low,vhigh,medium,low,low,low,low,vhigh,low,low,low,low,saab
medium,low,medium,high,vhigh,medium,medium,high,medium,low,high,medium,low,medium,medium,vhigh,high,medium,saab
high,vhigh,vhigh,vhigh,vhigh,high,vhigh,low,vhigh,vhigh,vhigh,vhigh,vhigh,high,low,medium,medium,high,opel
vhigh,medium,low,high,vhigh,low,medium,high,medium,medium,medium,medium,medium,low,high,medium,vhigh,vhigh,bus
vhigh,vhigh,vhigh,high,low,low,vhigh,low,vhigh,vhigh,vhigh,vhigh,vhigh,vhigh,medium,vhigh,low,low,bus
high,low,low,medium,medium,medium,low,vhigh,low,low,low,low,low,low,high,low,vhigh,vhigh,van
high,medium,high,vhigh,high,high,high,medium,high,medium,high,high,medium,low,medium,medium,high,high,saab
medium,high,high,low,low,vhigh,medium,high,high,vhigh,medium,medium,high,high,medium,medium,low,medium,van
vhigh,vhigh,vhigh,vhigh,vhigh,vhigh,vhigh,low,vhigh,vhigh,vhigh,vhigh,vhigh,low,low,low,high,high,opel
low,low,low,low,low,low,low,vhigh,low,low,low,low,low,high,high,medium,low,low,van
vhigh,vhigh,vhigh,vhigh,high,high,high,medium,high,vhigh,high,high,high,low,medium,low,vhigh,vhigh,opel
low,low,low,low,medium,low,low,vhigh,low,low,low,low,low,vhigh,vhigh,vhigh,low,low,opel
high,low,low,low,low,medium,low,vhigh,low,medium,low,low,low,vhigh,vhigh,high,low,low,van
low,medium,low,medium,vhigh,medium,medium,high,medium,medium,medium,medium,medium,vhigh,medium,low,low,low,bus
high,high,high,vhigh,vhigh,medium,high,medium,high,medium,high,high,high,high,low,low,vhigh,high,bus
medium,medium,medium,medium,low,medium,low,vhigh,medium,medium,medium,low,medium,vhigh,vhigh,low,low,low,opel
low,medium,low,low,low,medium,medium,vhigh,medium,high,medium,medium,medium,vhigh,high,high,low,low,bus
high,vhigh,vhigh,vhigh,vhigh,vhigh,vhigh,low,vhigh,vhigh,vhigh,vhigh,vhigh,high,high,high,medium,medium,opel
low,medium,medium,medium,vhigh,high,low,vhigh,low,high,medium,low,medium,medium,low,medium,high,high,van
high,high,high,vhigh,vhigh,medium,high,medium,high,high,high,high,vhigh,high,medium,medium,vhigh,medium,bus
high,vhigh,vhigh,medium,low,high,vhigh,low,vhigh,vhigh,vhigh,vhigh,vhigh,vhigh,medium,medium,medium,medium,opel
high,vhigh,vhigh,vhigh,vhigh,vhigh,vhigh,low,vhigh,vhigh,vhigh,vhigh,vhigh,medium,vhigh,vhigh,medium,high,opel
medium,low,high,high,high,medium,high,medium,high,medium,high,high,medium,low,medium,vhigh,high,high,opel
low,low,low,low,low,low,low,vhigh,low,low,low,low,low,vhigh,low,high,low,low,opel
medium,medium,high,medium,medium,vhigh,medium,high,medium,medium,medium,medium,medium,high,vhigh,vhigh,medium,high,van
vhigh,vhigh,vhigh,vhigh,high,high,high,medium,high,vhigh,high,high,vhigh,medium,medium,low,high,high,opel
medium,low,high,high,medium,medium,high,medium,high,low,high,high,medium,high,low,medium,medium,medium,saab
low,low,low,low,high,medium,medium,high,medium,low,low,medium,medium,vhigh,low,low,low,low,saab
vhigh,vhigh,high,vhigh,vhigh,low,vhigh,low,vhigh,vhigh,vhigh,vhigh,vhigh,vhigh,vhigh,low,high,medium,bus
medium,medium,low,low,low,medium,medium,high,medium,high,medium,medium,high,vhigh,high,low,low,low,bus
low,high,medium,medium,vhigh,low,medium,high,medium,high,medium,medium,high,high,low,low,medium,low,bus
high,vhigh,high,vhigh,high,low,vhigh,low,vhigh,high,vhigh,vhigh,vhigh,vhigh,medium,medium,high,low,bus
high,low,low,low,low,medium,low,vhigh,low,low,low,low,low,low,low,low,vhigh,medium,van
low,low,high,low,low,medium,medium,vhigh,medium,low,medium,low,low,vhigh,high,vhigh,low,medium,opel
medium,low,medium,high,vhigh,medium,medium,high,medium,low,medium,medium,low,high,medium,medium,high,high,bus
vhigh,vhigh,vhigh,high,low,low,vhigh,low,vhigh,vhigh,vhigh,vhigh,vhigh,vhigh,high,high,low,low,bus
medium,medium,high,low,medium,high,medium,high,medium,medium,medium,medium,medium,high,medium,high,medium,high,van
low,low,low,low,low,low,low,vhigh,low,low,low,low,low,high,low,medium,medium,low,van
medium,medium,high,vhigh,vhigh,low,high,medium,high,medium,high,high,medium,medium,medium,high,vhigh,high,bus
low,low,low,low,low,low,low,vhigh,low,low,low,low,low,vhigh,high,low,low,low,opel
vhigh,vhigh,vhigh,vhigh,vhigh,vhigh,vhigh,low,vhigh,vhigh,vhigh,vhigh,vhigh,medium,medium,medium,medium,high,saab
high,low,high,medium,low,high,high,medium,high,low,high,high,medium,medium,high,high,high,medium,opel
vhigh,vhigh,vhigh,high,medium,high,high,low,vhigh,high,vhigh,high,vhigh,medium,vhigh,medium,high,high,saab
high,high,high,medium,high,high,medium,high,high,vhigh,high,medium,high,high,medium,high,low,medium,van
low,high,low,medium,high,low,low,vhigh,medium,medium,medium,low,high,high,low,low,low,low,bus
high,vhigh,vhigh,vhigh,high,high,vhigh,low,vhigh,high,vhigh,vhigh,vhigh,high,high,vhigh,medium,high,opel
medium,medium,high,medium,high,low,low,vhigh,medium,medium,low,low,medium,high,vhigh,high,medium,low,saab
low,medium,low,medium,high,medium,medium,high,medium,medium,high,medium,medium,high,medium,medium,medium,medium,bus
high,high,vhigh,vhigh,vhigh,high,vhigh,low,vhigh,high,vhigh,vhigh,vhigh,medium,medium,vhigh,high,vhigh,opel
low,medium,low,low,low,low,medium,vhigh,medium,medium,medium,medium,medium,vhigh,medium,high,low,low,bus
low,high,low,vhigh,vhigh,vhigh,medium,high,medium,medium,vhigh,medium,high,vhigh,low,low,low,low,bus
high,medium,high,high,vhigh,high,medium,high,medium,medium,medium,medium,medium,low,vhigh,low,vhigh,vhigh,van
high,medium,low,medium,high,medium,low,vhigh,low,medium,low,low,medium,medium,vhigh,low,high,medium,van
medium,low,low,low,high,low,low,vhigh,low,low,low,low,low,high,vhigh,low,high,medium,van
vhigh,high,high,vhigh,high,low,high,low,high,high,vhigh,high,medium,vhigh,low,vhigh,high,medium,bus
vhigh,vhigh,vhigh,vhigh,high,high,vhigh,low,vhigh,vhigh,vhigh,vhigh,vhigh,high,vhigh,medium,medium,high,saab
high,high,vhigh,vhigh,high,vhigh,high,medium,vhigh,high,high,high,medium,low,low,vhigh,vhigh,vhigh,opel
low,low,medium,medium,medium,medium,medium,high,medium,low,medium,medium,low,high,low,high,low,medium,opel
low,medium,low,low,medium,medium,medium,high,medium,medium,medium,medium,medium,vhigh,high,high,low,low,bus
high,high,medium,vhigh,vhigh,low,high,medium,high,high,high,high,medium,high,medium,medium,vhigh,medium,bus
medium,low,medium,medium,high,high,low,vhigh,medium,medium,medium,low,low,medium,low,low,high,high,van
high,high,high,medium,high,high,medium,high,medium,high,medium,medium,high,high,medium,high,medium,medium,van
low,low,medium,medium,medium,low,medium,vhigh,medium,low,low,low,low,vhigh,vhigh,vhigh,low,low,opel
medium,low,low,low,medium,low,low,vhigh,low,low,low,low,low,high,vhigh,low,low,low,opel
high,medium,high,low,low,high,medium,high,medium,high,medium,medium,medium,high,vhigh,high,low,medium,van
high,high,high,medium,high,vhigh,high,high,high,high,medium,high,high,medium,vhigh,high,high,high,van
vhigh,high,vhigh,vhigh,high,medium,vhigh,low,vhigh,high,vhigh,vhigh,high,high,medium,low,high,medium,opel
vhigh,vhigh,vhigh,vhigh,vhigh,vhigh,vhigh,low,vhigh,vhigh,vhigh,vhigh,vhigh,high,vhigh,vhigh,medium,high,saab
low,medium,low,low,low,medium,medium,vhigh,medium,medium,medium,medium,medium,vhigh,high,high,low,low,bus
high,high,medium,high,high,medium,high,medium,high,high,high,high,high,medium,medium,medium,vhigh,vhigh,bus
medium,low,low,low,low,low,low,vhigh,low,low,low,low,low,vhigh,vhigh,high,low,low,saab
medium,high,medium,medium,medium,vhigh,high,high,high,vhigh,medium,high,high,vhigh,vhigh,medium,low,medium,van
medium,low,high,medium,high,high,low,high,medium,medium,low,medium,low,low,high,low,vhigh,vhigh,van
medium,low,low,low,low,low,low,vhigh,low,low,low,low,low,medium,vhigh,vhigh,high,medium,saab
low,high,medium,medium,high,medium,low,vhigh,medium,high,medium,low,high,high,low,low,medium,medium,van
medium,high,high,medium,high,vhigh,high,high,high,high,medium,high,high,high,vhigh,medium,medium,medium,van
medium,medium,low,medium,high,medium,medium,high,medium,medium,medium,medium,medium,vhigh,low,medium,medium,low,bus
low,medium,low,medium,high,vhigh,medium,high,medium,medium,medium,medium,medium,high,high,high,low,medium,bus
high,high,high,high,vhigh,high,medium,high,high,high,medium,high,medium,low,high,high,high,high,van
vhigh,high,high,vhigh,vhigh,medium,vhigh,low,vhigh,high,high,vhigh,vhigh,high,high,medium,high,medium,bus
vhigh,high,vhigh,high,medium,high,high,medium,vhigh,high,vhigh,high,vhigh,high,vhigh,high,high,high,saab
low,low,medium,medium,medium,medium,medium,high,medium,low,medium,medium,low,low,low,vhigh,vhigh,vhigh,saab
high,medium,vhigh,high,medium,high,high,medium,high,medium,high,high,medium,low,high,vhigh,vhigh,vhigh,saab
high,low,low,low,low,medium,low,vhigh,low,medium,low,low,low,high,medium,low,medium,low,van
vhigh,vhigh,vhigh,medium,low,high,vhigh,low,vhigh,vhigh,vhigh,vhigh,vhigh,vhigh,vhigh,vhigh,medium,medium,opel
medium,high,high,vhigh,vhigh,vhigh,high,high,high,vhigh,vhigh,high,high,vhigh,low,high,low,medium,van
low,high,medium,low,medium,high,high,high,high,vhigh,medium,high,high,high,medium,low,low,medium,van
low,medium,low,medium,high,high,low,vhigh,low,medium,low,low,medium,low,high,low,high,high,van
medium,low,low,low,medium,low,low,vhigh,low,low,low,low,low,high,vhigh,vhigh,low,low,saab
medium,medium,high,medium,vhigh,medium,medium,high,medium,medium,medium,medium,low,medium,medium,low,high,high,van
medium,low,high,high,medium,high,medium,medium,high,low,medium,high,low,low,medium,high,vhigh,vhigh,saab
low,medium,low,low,low,medium,medium,vhigh,medium,medium,low,medium,medium,vhigh,high,medium,low,low,bus
vhigh,high,vhigh,high,low,vhigh,vhigh,low,vhigh,vhigh,vhigh,vhigh,medium,low,low,vhigh,high,vhigh,opel
low,medium,low,low,low,medium,medium,high,medium,medium,medium,medium,high,vhigh,medium,medium,low,low,bus
high,high,high,high,high,medium,high,medium,high,medium,high,high,high,low,vhigh,high,vhigh,vhigh,opel
vhigh,vhigh,vhigh,vhigh,high,vhigh,vhigh,low,vhigh,vhigh,vhigh,vhigh,vhigh,low,low,high,high,high,opel
vhigh,high,high,medium,high,vhigh,high,medium,high,vhigh,medium,high,medium,medium,vhigh,low,high,medium,van
medium,low,medium,high,vhigh,medium,medium,high,medium,low,medium,medium,low,medium,medium,high,high,high,bus
medium,medium,medium,high,medium,medium,medium,medium,medium,medium,medium,medium,medium,low,vhigh,medium,vhigh,vhigh,saab
high,low,low,medium,vhigh,medium,low,vhigh,low,low,low,low,low,low,low,vhigh,high,vhigh,van
vhigh,vhigh,high,vhigh,high,high,high,medium,high,high,high,high,high,low,medium,medium,vhigh,vhigh,saab
high,medium,high,vhigh,vhigh,low,high,medium,high,medium,high,high,medium,high,medium,vhigh,vhigh,high,bus
high,low,medium,high,high,medium,medium,high,medium,low,medium,medium,low,low,medium,vhigh,vhigh,vhigh,opel
vhigh,high,vhigh,vhigh,high,high,vhigh,low,vhigh,high,vhigh,vhigh,high,medium,low,vhigh,high,vhigh,saab
medium,low,medium,medium,high,high,low,vhigh,medium,medium,medium,low,low,medium,high,medium,medium,high,van
vhigh,vhigh,vhigh,vhigh,high,low,vhigh,low,vhigh,vhigh,vhigh,vhigh,vhigh,vhigh,medium,medium,low,low,bus
low,low,medium,medium,low,medium,medium,high,medium,low,medium,medium,low,low,vhigh,vhigh,vhigh,vhigh,opel
high,medium,low,low,low,medium,low,vhigh,low,medium,low,low,medium,high,medium,low,high,low,van
low,low,medium,medium,medium,low,medium,high,medium,low,medium,medium,low,medium,low,vhigh,medium,medium,saab
medium,high,medium,medium,low,low,medium,high,medium,high,medium,medium,high,low,vhigh,low,high,high,opel
low,low,low,low,medium,low,low,vhigh,low,low,low,low,low,vhigh,low,low,low,low,opel
vhigh,vhigh,vhigh,vhigh,high,vhigh,vhigh,low,vhigh,vhigh,vhigh,vhigh,high,low,vhigh,low,vhigh,vhigh,opel
high,low,high,high,high,high,high,medium,high,medium,high,high,low,low,high,vhigh,vhigh,vhigh,saab
low,low,medium,low,medium,low,low,vhigh,low,low,low,low,medium,medium,medium,medium,high,medium,saab
high,vhigh,vhigh,high,medium,high,vhigh,low,vhigh,vhigh,vhigh,vhigh,vhigh,high,low,vhigh,medium,medium,opel
vhigh,vhigh,high,high,low,vhigh,vhigh,low,vhigh,vhigh,vhigh,vhigh,vhigh,high,low,vhigh,medium,high,opel
medium,low,medium,medium,low,medium,medium,high,medium,low,medium,medium,low,low,medium,vhigh,vhigh,vhigh,saab
vhigh,vhigh,vhigh,high,low,vhigh,vhigh,low,vhigh,vhigh,vhigh,vhigh,high,medium,vhigh,low,high,high,saab
low,high,low,low,high,low,medium,vhigh,medium,medium,medium,medium,high,vhigh,low,low,low,low,bus
high,low,low,low,low,medium,low,vhigh,low,medium,low,low,low,high,low,high,medium,low,van
vhigh,vhigh,vhigh,vhigh,medium,vhigh,vhigh,low,vhigh,vhigh,vhigh,vhigh,high,low,high,low,high,high,opel
vhigh,vhigh,vhigh,medium,low,low,vhigh,low,vhigh,vhigh,vhigh,vhigh,vhigh,vhigh,medium,medium,low,low,bus
high,high,high,medium,vhigh,high,low,vhigh,medium,high,low,low,high,low,vhigh,high,vhigh,vhigh,van
high,high,vhigh,high,medium,low,vhigh,low,vhigh,high,vhigh,vhigh,vhigh,vhigh,high,vhigh,medium,low,bus
high,high,high,medium,high,vhigh,medium,high,high,vhigh,medium,medium,high,high,high,high,medium,medium,van
medium,low,medium,high,vhigh,low,high,medium,high,low,high,high,low,high,low,medium,high,high,bus
low,low,high,high,medium,medium,high,medium,high,low,high,high,low,medium,medium,vhigh,high,high,opel
medium,medium,medium,medium,vhigh,medium,low,vhigh,medium,high,low,low,medium,medium,vhigh,low,high,high,bus
high,low,medium,high,vhigh,medium,medium,high,medium,low,medium,medium,low,medium,low,vhigh,vhigh,vhigh,bus
medium,medium,low,low,medium,low,low,vhigh,low,high,medium,low,medium,vhigh,vhigh,low,medium,low,van
vhigh,vhigh,vhigh,vhigh,vhigh,vhigh,vhigh,low,vhigh,vhigh,vhigh,vhigh,vhigh,medium,low,vhigh,high,high,saab
low,low,low,low,low,low,low,vhigh,low,low,low,low,low,vhigh,medium,high,low,low,opel
medium,medium,low,high,vhigh,medium,low,high,medium,medium,medium,medium,medium,low,medium,low,vhigh,vhigh,bus
low,low,low,low,low,low,low,vhigh,low,low,low,low,low,vhigh,vhigh,vhigh,low,low,saab
vhigh,high,vhigh,vhigh,vhigh,high,vhigh,low,vhigh,high,vhigh,vhigh,vhigh,medium,high,medium,high,high,saab
vhigh,medium,medium,vhigh,vhigh,low,high,medium,high,medium,high,high,medium,high,high,vhigh,vhigh,high,bus
medium,medium,high,high,vhigh,low,high,medium,high,medium,high,high,medium,medium,medium,vhigh,vhigh,vhigh,bus
high,high,medium,medium,medium,medium,medium,medium,high,high,high,high,high,medium,vhigh,medium,high,medium,opel
vhigh,vhigh,vhigh,vhigh,vhigh,high,vhigh,low,vhigh,vhigh,vhigh,vhigh,vhigh,high,medium,vhigh,medium,medium,opel
medium,low,medium,high,high,medium,medium,medium,medium,low,high,high,low,low,low,vhigh,high,high,opel
high,high,high,vhigh,high,high,high,medium,high,high,high,high,high,low,vhigh,medium,vhigh,vhigh,opel
low,low,high,medium,vhigh,high,low,vhigh,medium,medium,low,low,medium,medium,low,high,high,high,van
high,medium,medium,medium,low,medium,medium,high,medium,medium,medium,medium,high,medium,vhigh,low,high,medium,saab
vhigh,vhigh,vhigh,vhigh,medium,medium,vhigh,low,vhigh,vhigh,vhigh,vhigh,vhigh,vhigh,medium,low,medium,low,bus
medium,low,high,high,medium,medium,high,medium,high,low,high,high,low,medium,high,vhigh,high,medium,saab
low,medium,low,low,low,medium,medium,high,medium,medium,medium,medium,medium,vhigh,high,high,low,low,bus
vhigh,vhigh,vhigh,vhigh,vhigh,vhigh,vhigh,low,vhigh,vhigh,vhigh,vhigh,vhigh,medium,vhigh,medium,high,medium,saab
low,medium,medium,medium,high,medium,medium,high,medium,medium,high,medium,high,vhigh,low,high,low,low,bus
low,high,medium,low,low,medium,medium,high,medium,high,medium,medium,high,vhigh,medium,high,low,low,bus
low,medium,medium,low,medium,medium,medium,vhigh,medium,medium,medium,low,high,vhigh,high,high,low,low,bus
high,high,high,medium,vhigh,vhigh,medium,high,high,high,medium,medium,high,high,high,high,low,medium,van
medium,low,medium,high,medium,medium,medium,medium,medium,low,medium,high,low,low,high,vhigh,vhigh,vhigh,saab
vhigh,vhigh,vhigh,high,low,vhigh,vhigh,low,vhigh,vhigh,vhigh,vhigh,vhigh,medium,vhigh,medium,high,high,opel
vhigh,vhigh,vhigh,high,high,vhigh,vhigh,low,vhigh,vhigh,vhigh,vhigh,vhigh,high,vhigh,high,medium,medium,opel
medium,low,low,low,medium,medium,low,vhigh,low,medium,low,low,medium,low,high,low,vhigh,vhigh,van
low,high,high,medium,high,high,medium,high,medium,high,medium,medium,high,high,low,medium,medium,high,van
medium,high,medium,high,high,medium,high,medium,high,high,high,high,high,low,low,medium,high,high,opel
low,medium,low,low,low,medium,medium,vhigh,medium,high,low,medium,medium,vhigh,low,medium,low,low,bus
low,high,low,medium,high,medium,medium,high,medium,high,medium,medium,high,vhigh,high,medium,low,low,bus
vhigh,vhigh,vhigh,high,low,vhigh,vhigh,low,vhigh,vhigh,vhigh,vhigh,vhigh,high,low,low,medium,medium,opel
high,low,high,high,high,high,high,medium,high,low,high,high,low,low,medium,vhigh,vhigh,vhigh,opel
low,low,low,medium,high,medium,low,vhigh,low,low,low,low,low,medium,low,medium,high,medium,van
medium,medium,medium,high,vhigh,medium,medium,high,medium,medium,medium,medium,medium,medium,medium,high,high,high,bus
vhigh,high,high,high,low,low,vhigh,low,vhigh,high,vhigh,vhigh,vhigh,vhigh,low,vhigh,high,low,bus
medium,low,medium,low,low,medium,low,vhigh,low,low,low,low,low,high,low,low,medium,medium,opel
medium,low,high,high,high,medium,high,medium,high,low,high,high,low,high,low,vhigh,medium,medium,opel
low,medium,medium,medium,medium,low,medium,high,medium,medium,medium,medium,high,vhigh,high,low,low,low,saab
vhigh,vhigh,vhigh,vhigh,vhigh,vhigh,vhigh,low,vhigh,vhigh,vhigh,vhigh,vhigh,high,medium,low,medium,medium,opel
low,medium,low,medium,medium,medium,medium,high,medium,medium,medium,medium,high,high,low,low,medium,medium,bus
low,low,low,low,low,low,low,vhigh,low,low,low,low,low,low,vhigh,medium,vhigh,vhigh,van
high,vhigh,vhigh,vhigh,high,vhigh,vhigh,low,vhigh,vhigh,vhigh,vhigh,vhigh,medium,low,low,medium,medium,opel
medium,medium,high,low,low,vhigh,medium,high,high,high,medium,medium,high,vhigh,medium,high,low,medium,van
vhigh,vhigh,high,vhigh,vhigh,low,high,medium,high,high,high,high,vhigh,high,high,low,vhigh,high,bus
low,medium,medium,low,medium,low,medium,high,medium,high,high,medium,high,vhigh,low,high,low,low,bus
low,medium,low,low,low,low,low,vhigh,low,low,low,low,medium,high,medium,high,low,low,saab
high,medium,medium,medium,high,medium,low,vhigh,medium,high,low,low,low,low,medium,medium,vhigh,vhigh,van
vhigh,vhigh,vhigh,vhigh,vhigh,vhigh,vhigh,low,vhigh,vhigh,vhigh,vhigh,vhigh,medium,vhigh,low,medium,high,saab
high,low,low,medium,high,high,low,vhigh,low,low,low,low,low,low,high,medium,vhigh,high,van
vhigh,vhigh,vhigh,vhigh,vhigh,high,vhigh,low,vhigh,vhigh,vhigh,vhigh,vhigh,medium,vhigh,vhigh,high,high,saab
low,medium,low,medium,medium,low,medium,high,medium,medium,low,medium,medium,vhigh,medium,medium,low,low,saab
low,low,low,low,low,low,low,vhigh,low,low,low,low,low,vhigh,medium,medium,low,low,van
low,low,low,low,low,low,low,vhigh,low,low,low,low,low,vhigh,vhigh,vhigh,low,low,saab
low,medium,low,low,low,low,medium,high,medium,high,medium,medium,high,vhigh,medium,low,low,low,bus
vhigh,vhigh,vhigh,high,medium,high,vhigh,low,vhigh,vhigh,vhigh,vhigh,high,medium,low,vhigh,medium,high,saab
high,medium,low,medium,vhigh,high,low,vhigh,low,medium,low,low,medium,medium,high,high,high,high,van
medium,high,medium,low,low,vhigh,high,high,high,vhigh,medium,high,high,vhigh,low,high,low,medium,van
high,low,medium,vhigh,vhigh,low,high,medium,high,low,high,high,low,high,low,low,vhigh,high,bus
low,high,low,low,low,medium,medium,high,medium,medium,medium,medium,high,vhigh,low,medium,low,low,bus
vhigh,vhigh,vhigh,high,low,high,vhigh,low,vhigh,vhigh,vhigh,vhigh,vhigh,medium,high,high,medium,high,opel
low,high,medium,low,medium,medium,medium,high,medium,high,medium,medium,vhigh,vhigh,high,medium,low,low,bus
medium,low,medium,high,high,medium,medium,medium,medium,low,medium,high,low,low,medium,vhigh,vhigh,vhigh,opel
high,high,medium,medium,medium,medium,high,medium,high,high,high,high,high,low,vhigh,high,vhigh,high,opel
low,medium,low,low,medium,medium,medium,vhigh,medium,medium,low,medium,medium,vhigh,high,low,low,low,bus
vhigh,vhigh,vhigh,vhigh,vhigh,vhigh,vhigh,low,vhigh,vhigh,vhigh,vhigh,vhigh,medium,low,high,medium,high,saab
low,high,medium,low,low,high,medium,high,high,vhigh,medium,medium,high,vhigh,low,medium,low,medium,van
high,medium,medium,low,low,medium,low,vhigh,low,medium,low,low,low,vhigh,medium,high,low,low,van
high,low,medium,high,vhigh,low,medium,medium,medium,low,high,high,low,medium,low,vhigh,vhigh,vhigh,bus
medium,low,high,high,medium,medium,high,medium,high,low,high,high,low,low,low,vhigh,high,high,saab
vhigh,vhigh,vhigh,vhigh,high,vhigh,vhigh,low,vhigh,vhigh,vhigh,vhigh,vhigh,high,medium,high,medium,medium,opel
low,low,low,low,medium,low,low,vhigh,low,low,low,low,low,medium,medium,vhigh,medium,low,saab
high,low,low,low,low,medium,low,vhigh,low,medium,low,low,low,vhigh,vhigh,medium,low,low,van
vhigh,vhigh,vhigh,vhigh,vhigh,vhigh,vhigh,low,vhigh,vhigh,vhigh,vhigh,vhigh,medium,high,low,medium,medium,opel
low,medium,high,low,medium,vhigh,medium,high,high,high,low,medium,high,high,medium,high,low,medium,van
high,medium,low,high,vhigh,low,low,vhigh,low,medium,low,low,high,low,vhigh,medium,vhigh,vhigh,bus
high,high,high,medium,high,vhigh,medium,high,medium,high,high,medium,high,vhigh,low,medium,low,medium,van
vhigh,vhigh,vhigh,high,low,vhigh,vhigh,low,vhigh,high,vhigh,vhigh,vhigh,medium,vhigh,vhigh,high,vhigh,saab
medium,low,medium,medium,low,medium,medium,medium,medium,low,medium,medium,low,low,high,high,vhigh,high,saab
medium,medium,low,medium,low,medium,medium,high,medium,medium,medium,medium,medium,low,vhigh,high,vhigh,vhigh,opel
high,high,vhigh,vhigh,high,high,vhigh,low,vhigh,high,vhigh,vhigh,vhigh,high,high,low,medium,high,saab
high,vhigh,vhigh,vhigh,high,vhigh,vhigh,low,vhigh,vhigh,vhigh,vhigh,vhigh,medium,high,low,medium,medium,opel
low,low,low,low,low,low,low,vhigh,low,low,low,low,low,vhigh,medium,high,low,low,saab
medium,low,high,high,high,high,high,medium,high,low,high,high,medium,medium,low,vhigh,high,high,saab
medium,low,low,low,low,low,low,vhigh,low,medium,low,low,medium,low,vhigh,medium,high,high,van
medium,low,low,low,medium,medium,low,vhigh,low,low,low,low,low,low,medium,vhigh,vhigh,vhigh,van
vhigh,high,vhigh,high,medium,high,high,medium,high,vhigh,high,high,high,low,vhigh,medium,vhigh,vhigh,saab
low,high,medium,low,low,medium,medium,high,medium,high,medium,medium,high,vhigh,medium,high,low,low,bus
low,medium,low,low,low,low,medium,high,medium,medium,medium,medium,medium,vhigh,medium,low,low,low,bus
vhigh,high,high,high,medium,high,high,medium,high,high,high,high,high,low,vhigh,medium,vhigh,vhigh,saab
low,low,low,low,medium,medium,low,vhigh,low,low,low,low,low,low,high,medium,vhigh,vhigh,van
low,low,low,low,low,low,low,vhigh,low,low,low,low,low,vhigh,low,medium,low,low,van
low,high,low,medium,vhigh,low,medium,high,medium,medium,medium,medium,high,vhigh,medium,low,low,low,bus
high,high,high,vhigh,vhigh,medium,high,medium,high,high,high,high,vhigh,low,low,low,vhigh,vhigh,saab
medium,medium,high,medium,medium,high,medium,high,medium,high,low,medium,low,low,low,vhigh,vhigh,vhigh,van
high,high,high,medium,high,high,low,vhigh,medium,high,low,low,medium,low,medium,medium,vhigh,vhigh,van
vhigh,vhigh,vhigh,high,low,medium,vhigh,low,vhigh,vhigh,vhigh,vhigh,vhigh,vhigh,low,vhigh,low,low,bus
low,medium,low,high,vhigh,low,low,high,medium,medium,low,medium,high,medium,high,low,vhigh,high,bus
low,high,medium,low,medium,low,medium,high,medium,high,low,medium,high,high,high,low,medium,medium,bus
low,medium,low,low,low,medium,low,vhigh,low,low,low,low,medium,high,medium,low,low,low,opel
vhigh,vhigh,vhigh,vhigh,vhigh,vhigh,vhigh,low,vhigh,vhigh,vhigh,vhigh,vhigh,medium,vhigh,vhigh,high,vhigh,saab
high,low,medium,high,vhigh,medium,medium,medium,medium,low,medium,medium,low,low,low,medium,vhigh,vhigh,bus
vhigh,medium,high,high,high,medium,high,medium,high,high,high,high,medium,low,low,low,high,high,opel
low,medium,medium,medium,high,medium,medium,high,medium,medium,medium,medium,medium,vhigh,medium,medium,medium,low,bus
low,high,medium,low,low,low,medium,high,medium,high,medium,medium,high,vhigh,high,medium,low,low,bus
vhigh,vhigh,vhigh,vhigh,vhigh,vhigh,vhigh,low,vhigh,vhigh,vhigh,vhigh,vhigh,low,vhigh,vhigh,high,vhigh,saab
medium,high,medium,low,low,high,medium,high,high,vhigh,medium,medium,high,vhigh,high,high,low,medium,van
medium,high,high,high,high,medium,high,medium,high,high,high,high,high,low,vhigh,low,vhigh,high,saab
low,medium,low,medium,high,medium,low,vhigh,medium,medium,medium,low,low,medium,medium,high,medium,medium,bus
medium,medium,high,low,low,vhigh,medium,high,medium,high,medium,medium,medium,high,high,low,medium,medium,van
high,high,vhigh,vhigh,vhigh,high,vhigh,low,vhigh,high,vhigh,vhigh,vhigh,high,high,medium,medium,medium,opel
medium,low,low,low,high,low,low,vhigh,low,low,low,low,low,vhigh,vhigh,high,low,low,saab
high,low,low,low,low,medium,low,vhigh,low,medium,low,low,low,medium,medium,high,high,medium,van
medium,high,high,vhigh,vhigh,vhigh,medium,high,high,vhigh,high,medium,high,vhigh,high,high,low,medium,van
low,medium,medium,medium,high,low,medium,medium,medium,medium,high,medium,medium,vhigh,high,high,high,medium,bus
high,low,low,low,low,medium,low,vhigh,low,low,low,low,low,low,medium,vhigh,high,high,van
vhigh,vhigh,vhigh,high,low,low,vhigh,low,vhigh,vhigh,vhigh,vhigh,vhigh,vhigh,vhigh,medium,low,low,bus
medium,low,medium,medium,high,medium,medium,high,medium,low,medium,medium,low,low,low,low,vhigh,vhigh,bus
high,vhigh,high,vhigh,vhigh,low,high,low,high,vhigh,high,high,vhigh,high,medium,medium,vhigh,medium,bus
low,low,low,low,low,medium,low,vhigh,low,low,low,low,low,high,vhigh,medium,low,low,saab
medium,low,vhigh,high,high,high,high,medium,high,low,high,high,medium,low,high,vhigh,vhigh,vhigh,saab
high,low,medium,high,medium,low,high,medium,high,medium,high,high,low,high,medium,high,vhigh,high,bus
vhigh,vhigh,vhigh,high,medium,high,vhigh,low,vhigh,vhigh,vhigh,vhigh,vhigh,high,high,vhigh,medium,high,saab
high,medium,medium,medium,medium,medium,medium,high,medium,medium,high,medium,high,medium,vhigh,low,high,high,opel
high,low,medium,high,vhigh,low,high,medium,medium,low,high,high,low,medium,low,high,vhigh,vhigh,bus
medium,low,low,medium,medium,medium,low,vhigh,low,low,low,low,low,low,high,high,vhigh,vhigh,van
low,high,low,low,medium,medium,medium,high,medium,high,medium,medium,high,vhigh,low,low,low,low,bus
low,high,medium,medium,high,low,medium,high,medium,medium,medium,medium,high,medium,high,low,high,medium,bus
vhigh,high,vhigh,vhigh,medium,high,vhigh,low,vhigh,high,vhigh,vhigh,vhigh,medium,medium,vhigh,high,vhigh,saab
vhigh,vhigh,vhigh,high,low,vhigh,vhigh,low,vhigh,vhigh,vhigh,vhigh,high,low,high,low,high,high,opel
vhigh,vhigh,vhigh,vhigh,medium,high,high,medium,high,vhigh,high,high,high,low,vhigh,low,vhigh,vhigh,opel
vhigh,high,vhigh,vhigh,high,high,vhigh,low,vhigh,high,vhigh,vhigh,medium,low,high,vhigh,vhigh,vhigh,opel
medium,vhigh,high,high,medium,high,high,medium,high,high,high,high,vhigh,medium,high,vhigh,high,high,saab
high,high,high,medium,low,high,medium,high,high,high,high,high,high,high,low,vhigh,low,high,van
low,medium,low,medium,high,medium,medium,high,medium,medium,medium,medium,medium,high,medium,high,medium,medium,bus
high,vhigh,vhigh,vhigh,vhigh,high,vhigh,low,vhigh,vhigh,vhigh,vhigh,vhigh,low,vhigh,vhigh,high,high,opel
medium,medium,low,low,low,medium,medium,high,medium,medium,medium,medium,medium,vhigh,low,high,low,low,bus
high,low,low,low,low,medium,low,vhigh,low,medium,low,low,medium,vhigh,high,medium,low,low,van
medium,medium,low,low,low,high,low,vhigh,low,medium,low,low,medium,high,medium,medium,high,medium,van
high,high,vhigh,vhigh,high,high,high,medium,high,high,high,high,medium,low,high,vhigh,vhigh,vhigh,saab
medium,low,low,low,low,low,low,vhigh,low,low,low,low,low,vhigh,high,low,low,low,van
vhigh,vhigh,high,high,medium,low,vhigh,low,vhigh,vhigh,vhigh,vhigh,vhigh,vhigh,high,medium,medium,low,bus
vhigh,vhigh,vhigh,vhigh,vhigh,high,vhigh,low,vhigh,vhigh,vhigh,vhigh,vhigh,high,low,high,medium,high,saab
vhigh,vhigh,vhigh,high,low,low,vhigh,low,vhigh,vhigh,vhigh,vhigh,vhigh,vhigh,vhigh,vhigh,low,low,bus
low,medium,low,low,low,medium,medium,vhigh,medium,medium,medium,medium,medium,vhigh,high,low,low,low,bus
high,vhigh,high,vhigh,vhigh,high,high,medium,high,high,high,high,vhigh,medium,vhigh,low,high,high,saab
high,low,high,high,medium,medium,high,medium,high,low,high,high,low,low,low,vhigh,vhigh,vhigh,saab
low,medium,low,low,low,medium,medium,high,medium,high,low,medium,high,vhigh,medium,low,low,low,bus
vhigh,high,high,vhigh,medium,high,high,medium,high,high,high,high,high,low,vhigh,high,vhigh,vhigh,opel
medium,medium,high,low,low,low,medium,high,medium,medium,medium,medium,medium,medium,vhigh,high,medium,medium,opel
high,medium,high,high,vhigh,high,medium,high,medium,high,low,medium,low,low,low,high,vhigh,vhigh,van
medium,low,high,high,medium,medium,high,medium,high,low,high,high,low,medium,medium,high,high,high,saab
high,medium,medium,medium,high,medium,low,vhigh,low,high,low,low,medium,low,vhigh,low,vhigh,vhigh,van
vhigh,vhigh,high,high,medium,high,high,medium,high,vhigh,high,high,vhigh,low,vhigh,medium,high,high,opel
high,vhigh,vhigh,vhigh,vhigh,vhigh,vhigh,low,vhigh,vhigh,vhigh,vhigh,vhigh,medium,vhigh,vhigh,medium,high,opel
low,medium,low,low,low,medium,medium,high,medium,medium,medium,medium,medium,vhigh,low,medium,low,low,bus
vhigh,vhigh,vhigh,high,low,medium,vhigh,low,vhigh,vhigh,vhigh,vhigh,vhigh,vhigh,high,medium,medium,low,bus
vhigh,vhigh,vhigh,vhigh,high,vhigh,vhigh,low,vhigh,vhigh,vhigh,vhigh,vhigh,medium,high,high,medium,high,saab
medium,medium,medium,low,low,high,medium,high,high,high,low,medium,high,vhigh,vhigh,high,low,medium,van
high,vhigh,high,high,high,low,vhigh,low,vhigh,high,vhigh,vhigh,vhigh,vhigh,high,vhigh,high,low,bus
high,high,high,medium,high,high,medium,high,medium,high,low,medium,medium,low,vhigh,vhigh,vhigh,vhigh,van
low,medium,medium,medium,high,medium,medium,high,medium,medium,medium,medium,medium,high,medium,medium,high,medium,bus
medium,low,medium,medium,high,medium,low,high,medium,low,medium,medium,low,high,medium,medium,high,medium,bus
low,low,medium,medium,high,low,low,vhigh,low,low,low,low,medium,high,medium,vhigh,low,low,opel
low,low,low,low,medium,low,low,vhigh,low,low,low,low,low,vhigh,medium,medium,low,low,saab
vhigh,vhigh,vhigh,high,medium,high,vhigh,low,vhigh,vhigh,vhigh,vhigh,vhigh,medium,vhigh,medium,high,high,opel
high,vhigh,vhigh,vhigh,vhigh,high,vhigh,low,vhigh,vhigh,vhigh,vhigh,vhigh,high,vhigh,vhigh,medium,medium,opel
vhigh,vhigh,vhigh,high,low,medium,vhigh,low,vhigh,vhigh,vhigh,vhigh,vhigh,vhigh,high,high,medium,low,bus
vhigh,vhigh,vhigh,vhigh,high,vhigh,vhigh,low,vhigh,vhigh,vhigh,vhigh,vhigh,low,vhigh,vhigh,vhigh,vhigh,saab
medium,medium,medium,high,medium,low,medium,high,medium,medium,medium,medium,high,low,high,high,vhigh,vhigh,opel
high,medium,high,medium,high,high,low,vhigh,medium,high,low,low,medium,low,vhigh,medium,vhigh,vhigh,van
medium,low,low,medium,medium,low,low,vhigh,low,medium,low,low,medium,low,vhigh,medium,vhigh,vhigh,opel
high,high,vhigh,vhigh,vhigh,medium,high,medium,high,high,high,high,medium,low,low,vhigh,high,high,opel
medium,low,low,low,medium,low,medium,vhigh,medium,low,low,medium,medium,vhigh,vhigh,low,low,low,saab
medium,high,medium,medium,medium,high,medium,high,medium,high,medium,medium,vhigh,medium,vhigh,medium,high,high,van
low,high,low,medium,high,low,medium,high,medium,high,medium,medium,high,high,medium,low,low,low,bus
high,vhigh,high,high,high,high,high,medium,high,high,high,high,high,low,vhigh,low,high,high,saab
high,medium,high,high,high,high,high,medium,high,medium,high,high,medium,medium,medium,high,high,high,opel
medium,high,medium,high,vhigh,medium,medium,high,medium,medium,medium,medium,high,medium,vhigh,low,vhigh,high,bus
vhigh,high,vhigh,high,medium,high,vhigh,low,vhigh,high,vhigh,vhigh,vhigh,medium,vhigh,vhigh,high,vhigh,saab
low,high,high,medium,medium,medium,medium,medium,medium,medium,high,high,high,medium,low,low,high,medium,opel
vhigh,high,high,vhigh,high,high,high,medium,high,high,high,high,high,low,medium,low,vhigh,vhigh,opel
vhigh,vhigh,vhigh,high,low,vhigh,vhigh,low,vhigh,vhigh,vhigh,vhigh,vhigh,high,vhigh,vhigh,high,high,saab
vhigh,high,vhigh,vhigh,medium,high,vhigh,medium,vhigh,high,high,high,high,low,high,vhigh,high,vhigh,saab
high,high,high,high,medium,medium,high,medium,high,high,high,high,high,low,medium,low,high,high,saab
medium,high,high,medium,medium,high,medium,high,medium,high,medium,medium,high,high,vhigh,medium,medium,high,van
low,high,medium,medium,medium,medium,medium,high,medium,medium,high,medium,medium,high,vhigh,high,low,low,opel
vhigh,vhigh,vhigh,vhigh,high,vhigh,vhigh,low,vhigh,vhigh,high,vhigh,vhigh,medium,vhigh,low,high,high,saab
medium,high,high,medium,medium,high,medium,high,medium,high,high,medium,high,high,low,low,medium,medium,van
low,low,low,low,high,medium,low,vhigh,low,low,low,low,low,vhigh,vhigh,vhigh,low,low,saab
low,high,low,medium,high,low,low,vhigh,medium,medium,medium,low,high,high,medium,low,low,low,bus
medium,high,high,medium,low,medium,high,medium,high,high,high,high,high,high,high,high,medium,medium,opel
high,medium,medium,high,high,low,high,medium,high,low,high,high,low,high,low,low,vhigh,high,bus
high,high,medium,high,vhigh,low,high,medium,high,medium,medium,high,high,medium,high,medium,vhigh,vhigh,bus
high,high,high,medium,high,high,medium,high,high,high,medium,medium,high,medium,low,high,high,vhigh,van
high,high,medium,vhigh,vhigh,low,high,medium,high,high,high,high,high,medium,high,high,vhigh,vhigh,bus
low,low,low,low,medium,low,low,vhigh,low,low,low,low,low,vhigh,high,high,low,low,van
vhigh,vhigh,high,high,medium,low,vhigh,low,vhigh,high,vhigh,vhigh,vhigh,vhigh,low,vhigh,medium,low,bus
vhigh,vhigh,vhigh,high,medium,vhigh,vhigh,low,vhigh,vhigh,vhigh,vhigh,vhigh,high,vhigh,vhigh,high,high,saab
low,low,low,low,low,low,low,vhigh,low,low,low,low,low,medium,low,high,medium,medium,saab
low,low,low,low,low,medium,low,vhigh,low,low,low,low,low,vhigh,low,low,low,low,saab
vhigh,vhigh,vhigh,vhigh,high,vhigh,vhigh,low,vhigh,vhigh,vhigh,vhigh,vhigh,high,low,vhigh,medium,high,opel
low,low,low,low,low,low,low,vhigh,low,low,low,low,low,vhigh,low,low,low,low,opel
vhigh,vhigh,vhigh,vhigh,vhigh,low,vhigh,low,vhigh,vhigh,vhigh,vhigh,vhigh,vhigh,medium,medium,low,low,bus
low,high,medium,low,medium,medium,medium,high,medium,high,medium,medium,high,vhigh,low,high,low,low,bus
vhigh,vhigh,vhigh,vhigh,vhigh,high,vhigh,low,vhigh,vhigh,vhigh,vhigh,vhigh,high,high,high,high,high,opel
medium,medium,medium,medium,low,medium,low,vhigh,medium,medium,low,low,high,medium,high,high,medium,high,opel
high,high,high,medium,high,high,medium,high,high,high,high,medium,vhigh,high,medium,low,low,medium,van
high,medium,high,vhigh,high,medium,high,medium,high,medium,high,high,medium,medium,high,high,high,high,saab
medium,high,high,medium,medium,high,medium,high,medium,high,medium,medium,high,high,medium,low,medium,high,van
high,high,high,vhigh,vhigh,vhigh,medium,high,medium,high,vhigh,medium,high,vhigh,vhigh,medium,medium,medium,van
vhigh,vhigh,vhigh,vhigh,high,vhigh,vhigh,low,vhigh,vhigh,vhigh,vhigh,vhigh,high,high,vhigh,medium,high,opel
low,medium,low,low,low,medium,medium,high,medium,medium,medium,medium,medium,vhigh,medium,high,low,low,bus
medium,low,low,medium,vhigh,vhigh,low,vhigh,low,medium,low,low,low,low,medium,medium,high,vhigh,van
high,medium,high,medium,high,high,medium,high,medium,high,medium,medium,low,low,high,high,vhigh,vhigh,van
low,high,medium,medium,vhigh,low,medium,high,medium,high,medium,medium,high,high,high,low,medium,medium,bus
medium,high,high,high,high,medium,high,medium,high,high,high,high,vhigh,medium,low,low,high,medium,saab
high,low,medium,high,medium,medium,high,medium,high,low,high,high,low,high,low,low,medium,medium,opel
vhigh,vhigh,vhigh,high,low,low,vhigh,low,vhigh,vhigh,vhigh,vhigh,vhigh,vhigh,vhigh,low,low,low,bus
medium,medium,medium,medium,vhigh,low,medium,high,medium,low,medium,medium,medium,high,low,low,medium,medium,bus
high,low,low,high,vhigh,low,high,medium,high,low,high,high,low,medium,medium,high,vhigh,vhigh,bus
low,medium,low,medium,high,high,low,vhigh,low,medium,low,low,medium,low,high,low,high,high,van
vhigh,vhigh,vhigh,vhigh,high,vhigh,vhigh,low,vhigh,vhigh,high,vhigh,vhigh,low,vhigh,vhigh,vhigh,vhigh,saab
low,low,high,medium,medium,medium,medium,high,medium,low,high,medium,low,medium,high,vhigh,high,high,opel
vhigh,vhigh,vhigh,medium,low,high,vhigh,low,vhigh,vhigh,vhigh,vhigh,vhigh,high,vhigh,medium,medium,medium,opel
high,low,medium,medium,high,medium,low,vhigh,low,high,low,low,low,low,vhigh,low,vhigh,vhigh,van
vhigh,high,vhigh,vhigh,high,vhigh,vhigh,low,vhigh,high,high,vhigh,medium,low,high,vhigh,high,vhigh,opel
medium,low,medium,high,vhigh,medium,medium,high,medium,medium,medium,medium,medium,medium,low,vhigh,vhigh,high,bus
low,low,low,low,medium,medium,low,vhigh,low,low,low,low,low,vhigh,low,vhigh,low,low,opel
medium,low,medium,low,low,low,low,vhigh,medium,low,low,low,low,medium,low,medium,medium,medium,saab
low,high,medium,medium,vhigh,medium,low,high,medium,medium,low,medium,high,high,medium,medium,high,medium,bus
low,low,high,high,medium,high,high,medium,high,low,high,high,low,medium,low,vhigh,high,high,saab
medium,high,medium,high,high,high,high,medium,high,high,high,high,high,low,medium,low,vhigh,high,saab
low,low,low,low,low,low,low,vhigh,low,low,low,low,low,vhigh,low,high,low,low,opel
low,medium,medium,low,medium,medium,medium,high,medium,high,medium,medium,high,vhigh,high,high,low,low,bus
medium,low,medium,medium,high,low,low,vhigh,low,low,low,low,low,low,medium,vhigh,vhigh,vhigh,opel
low,high,high,low,low,vhigh,high,high,high,high,medium,medium,medium,vhigh,vhigh,vhigh,low,medium,van
vhigh,vhigh,vhigh,high,low,vhigh,vhigh,low,vhigh,vhigh,vhigh,vhigh,high,medium,medium,vhigh,high,high,opel
medium,medium,low,medium,high,low,low,vhigh,low,medium,low,low,medium,low,high,medium,high,high,bus
high,low,medium,high,vhigh,low,medium,high,medium,low,medium,medium,low,medium,low,high,vhigh,vhigh,bus
low,medium,low,high,vhigh,medium,medium,high,medium,medium,medium,medium,medium,vhigh,high,high,low,low,bus
high,low,medium,medium,low,low,low,vhigh,low,low,low,low,low,low,medium,vhigh,vhigh,vhigh,saab
high,low,low,low,low,low,low,vhigh,low,medium,low,low,medium,vhigh,high,low,low,low,van
high,high,vhigh,vhigh,medium,vhigh,vhigh,low,vhigh,high,vhigh,vhigh,high,medium,medium,medium,high,medium,opel
medium,low,low,medium,medium,medium,low,vhigh,low,low,low,low,low,low,low,low,vhigh,vhigh,saab
low,high,low,low,low,medium,medium,high,medium,medium,medium,medium,high,vhigh,high,low,low,low,bus
medium,medium,high,vhigh,high,high,high,medium,high,medium,high,high,medium,low,vhigh,vhigh,high,high,opel
medium,low,low,medium,low,medium,low,vhigh,low,low,low,low,low,low,medium,vhigh,high,vhigh,opel
vhigh,vhigh,vhigh,vhigh,high,vhigh,vhigh,low,vhigh,vhigh,vhigh,vhigh,vhigh,medium,vhigh,vhigh,medium,high,opel
low,low,high,high,medium,high,high,medium,high,low,high,high,low,low,high,vhigh,high,vhigh,opel
vhigh,vhigh,vhigh,vhigh,medium,vhigh,vhigh,low,vhigh,high,vhigh,vhigh,high,low,vhigh,vhigh,high,vhigh,saab
low,low,low,medium,high,high,low,vhigh,low,low,low,low,low,medium,vhigh,medium,vhigh,vhigh,van
vhigh,vhigh,vhigh,vhigh,medium,vhigh,vhigh,low,vhigh,vhigh,vhigh,vhigh,vhigh,low,low,medium,medium,high,saab
high,high,high,vhigh,vhigh,low,vhigh,low,vhigh,high,vhigh,vhigh,high,vhigh,medium,medium,high,medium,bus
low,low,high,low,low,medium,medium,high,medium,low,medium,medium,low,high,high,vhigh,medium,medium,saab
low,medium,low,low,low,medium,medium,high,medium,medium,medium,medium,medium,vhigh,vhigh,high,low,low,bus
vhigh,vhigh,vhigh,high,low,high,vhigh,low,vhigh,vhigh,vhigh,vhigh,vhigh,high,high,vhigh,medium,high,saab
low,low,low,medium,medium,low,low,vhigh,low,low,low,low,low,low,medium,high,vhigh,vhigh,van
high,medium,low,low,low,medium,low,vhigh,low,medium,low,low,medium,vhigh,vhigh,high,medium,low,van
low,low,medium,low,low,medium,medium,high,medium,low,low,medium,medium,vhigh,vhigh,low,low,low,opel
medium,high,high,vhigh,high,medium,high,medium,high,high,high,high,vhigh,low,high,low,high,high,opel
high,high,vhigh,vhigh,medium,vhigh,vhigh,medium,vhigh,high,high,vhigh,medium,low,low,vhigh,vhigh,vhigh,saab
vhigh,vhigh,vhigh,high,medium,high,high,medium,high,vhigh,vhigh,high,vhigh,low,low,medium,high,high,saab
medium,high,medium,low,medium,vhigh,high,medium,high,high,medium,high,high,vhigh,vhigh,medium,low,medium,van
medium,low,low,low,low,low,low,vhigh,low,low,low,low,low,low,high,high,high,high,van
high,vhigh,high,vhigh,high,high,high,medium,high,high,high,high,high,low,vhigh,medium,vhigh,high,opel
vhigh,vhigh,vhigh,vhigh,vhigh,low,vhigh,low,vhigh,vhigh,vhigh,vhigh,vhigh,vhigh,high,vhigh,low,low,bus
medium,high,medium,low,medium,high,medium,high,high,high,medium,medium,high,vhigh,vhigh,low,low,medium,van
vhigh,vhigh,vhigh,vhigh,high,high,high,medium,high,vhigh,high,high,vhigh,low,vhigh,high,high,vhigh,saab
high,vhigh,vhigh,vhigh,vhigh,high,vhigh,low,vhigh,vhigh,vhigh,vhigh,vhigh,high,low,low,medium,medium,opel
vhigh,vhigh,high,high,high,low,vhigh,low,vhigh,vhigh,vhigh,vhigh,vhigh,vhigh,medium,high,high,medium,bus
medium,low,high,medium,vhigh,high,low,vhigh,medium,medium,low,low,medium,medium,vhigh,medium,high,high,van
medium,high,medium,high,vhigh,medium,medium,medium,medium,high,medium,medium,high,high,high,medium,high,high,bus
high,low,medium,high,medium,medium,high,medium,high,low,medium,high,low,low,high,medium,vhigh,vhigh,opel
medium,low,medium,high,high,high,high,medium,high,low,high,high,low,low,high,vhigh,vhigh,vhigh,opel
high,medium,medium,medium,high,low,low,high,medium,medium,medium,medium,medium,low,high,low,vhigh,high,bus
vhigh,vhigh,vhigh,vhigh,high,vhigh,vhigh,low,vhigh,high,high,vhigh,vhigh,low,low,low,high,vhigh,saab
low,medium,low,low,high,medium,medium,vhigh,medium,medium,medium,medium,medium,vhigh,low,high,low,low,bus
medium,medium,low,low,low,low,low,vhigh,low,medium,low,low,medium,vhigh,medium,high,low,low,van
low,high,medium,medium,vhigh,medium,low,vhigh,low,medium,medium,low,high,medium,vhigh,low,high,high,van
vhigh,vhigh,vhigh,vhigh,vhigh,vhigh,vhigh,low,vhigh,vhigh,vhigh,vhigh,vhigh,high,vhigh,low,medium,medium,opel
high,medium,high,high,medium,high,high,medium,high,medium,high,high,low,low,medium,medium,vhigh,vhigh,saab
medium,medium,low,medium,medium,low,low,vhigh,low,medium,low,low,medium,low,vhigh,low,vhigh,vhigh,van
vhigh,vhigh,vhigh,vhigh,high,medium,vhigh,low,vhigh,vhigh,vhigh,vhigh,vhigh,low,high,high,vhigh,high,opel
high,high,high,high,high,medium,high,medium,high,high,high,high,high,medium,vhigh,low,high,high,opel
low,low,low,low,low,low,medium,high,medium,low,medium,medium,medium,vhigh,vhigh,low,low,low,opel
vhigh,high,high,vhigh,vhigh,low,high,medium,high,high,high,high,vhigh,high,medium,high,vhigh,high,bus
low,medium,medium,medium,vhigh,medium,medium,high,medium,medium,medium,medium,medium,vhigh,high,medium,low,low,bus
low,medium,low,medium,high,medium,medium,vhigh,medium,medium,medium,medium,medium,vhigh,low,high,low,low,bus
high,vhigh,vhigh,high,medium,high,vhigh,low,vhigh,vhigh,vhigh,vhigh,vhigh,high,vhigh,vhigh,medium,medium,opel
vhigh,vhigh,vhigh,vhigh,high,vhigh,vhigh,low,vhigh,vhigh,vhigh,vhigh,vhigh,high,vhigh,high,high,high,saab
medium,low,low,medium,medium,medium,low,vhigh,low,medium,low,low,medium,low,vhigh,low,vhigh,vhigh,van
medium,medium,low,medium,high,medium,low,vhigh,low,high,low,low,medium,high,low,medium,medium,medium,van
vhigh,vhigh,vhigh,vhigh,vhigh,vhigh,vhigh,low,vhigh,vhigh,vhigh,vhigh,vhigh,low,high,vhigh,high,vhigh,opel
vhigh,vhigh,high,high,low,low,vhigh,low,vhigh,high,vhigh,vhigh,vhigh,vhigh,medium,high,medium,low,bus
vhigh,vhigh,vhigh,vhigh,medium,vhigh,vhigh,low,vhigh,vhigh,vhigh,vhigh,vhigh,high,vhigh,low,high,medium,opel
low,low,medium,low,low,medium,medium,high,medium,low,medium,medium,medium,high,vhigh,medium,low,low,opel
high,vhigh,vhigh,vhigh,vhigh,high,vhigh,low,vhigh,vhigh,vhigh,vhigh,vhigh,high,low,vhigh,medium,medium,saab
vhigh,vhigh,vhigh,high,low,vhigh,vhigh,low,vhigh,vhigh,vhigh,vhigh,vhigh,medium,medium,medium,medium,high,opel
medium,high,medium,medium,high,vhigh,high,high,high,vhigh,medium,high,high,high,medium,medium,medium,medium,van
high,high,high,vhigh,vhigh,low,high,medium,high,medium,high,high,high,medium,medium,high,vhigh,high,bus
low,medium,low,low,low,low,medium,vhigh,medium,medium,medium,medium,medium,vhigh,low,low,low,low,bus
vhigh,vhigh,vhigh,vhigh,vhigh,high,vhigh,low,vhigh,vhigh,vhigh,vhigh,vhigh,high,low,low,medium,medium,saab
vhigh,vhigh,high,vhigh,vhigh,vhigh,vhigh,low,vhigh,vhigh,vhigh,vhigh,high,high,medium,vhigh,medium,medium,opel
high,high,medium,high,high,medium,high,medium,high,high,high,high,high,low,vhigh,high,high,high,opel
low,low,medium,medium,medium,medium,low,vhigh,low,low,low,low,low,medium,medium,medium,high,medium,van
medium,high,medium,medium,medium,vhigh,high,high,high,high,medium,high,high,high,low,low,low,medium,van
low,high,medium,medium,vhigh,low,medium,high,medium,high,medium,medium,vhigh,vhigh,medium,medium,low,low,bus
vhigh,vhigh,vhigh,vhigh,vhigh,vhigh,vhigh,low,vhigh,vhigh,vhigh,vhigh,vhigh,high,vhigh,high,medium,medium,opel
high,high,high,high,high,medium,high,medium,high,high,high,high,high,medium,vhigh,medium,high,high,saab
low,low,high,low,low,medium,medium,high,medium,low,medium,medium,low,medium,vhigh,high,low,low,opel
vhigh,vhigh,vhigh,high,low,high,vhigh,low,vhigh,vhigh,vhigh,vhigh,high,low,high,vhigh,high,high,opel
vhigh,vhigh,vhigh,high,low,vhigh,vhigh,low,vhigh,vhigh,vhigh,vhigh,vhigh,medium,vhigh,vhigh,high,high,saab
high,high,medium,high,medium,high,medium,medium,high,high,high,high,medium,low,vhigh,high,vhigh,vhigh,saab
low,medium,low,low,low,low,medium,high,medium,medium,medium,medium,medium,vhigh,medium,medium,low,low,bus
vhigh,vhigh,vhigh,high,low,high,vhigh,low,vhigh,vhigh,vhigh,vhigh,vhigh,high,medium,high,medium,medium,opel
vhigh,vhigh,vhigh,medium,low,low,vhigh,low,vhigh,vhigh,vhigh,vhigh,vhigh,vhigh,vhigh,low,low,low,bus
high,high,medium,high,vhigh,low,medium,medium,medium,medium,high,high,high,medium,medium,low,high,high,bus
vhigh,vhigh,vhigh,vhigh,vhigh,vhigh,vhigh,low,vhigh,vhigh,vhigh,vhigh,vhigh,medium,low,vhigh,high,high,opel
high,medium,high,low,low,high,medium,high,medium,high,medium,medium,medium,high,low,medium,medium,high,van
medium,low,low,low,low,low,low,vhigh,low,low,low,low,low,vhigh,high,high,low,low,van
vhigh,vhigh,vhigh,high,low,high,vhigh,low,vhigh,vhigh,vhigh,vhigh,vhigh,high,low,vhigh,medium,high,opel
vhigh,vhigh,vhigh,vhigh,high,vhigh,vhigh,low,vhigh,vhigh,vhigh,vhigh,vhigh,high,low,medium,medium,high,opel
vhigh,vhigh,high,high,low,high,vhigh,low,vhigh,vhigh,vhigh,vhigh,vhigh,high,medium,high,medium,medium,opel
low,low,low,low,low,medium,low,vhigh,low,low,low,low,low,vhigh,medium,vhigh,low,low,opel
medium,low,medium,low,low,medium,low,vhigh,medium,low,medium,low,low,vhigh,high,high,low,low,saab
high,high,high,vhigh,vhigh,high,high,medium,high,high,vhigh,high,high,medium,low,high,medium,high,opel
vhigh,vhigh,vhigh,vhigh,high,vhigh,vhigh,low,vhigh,vhigh,vhigh,vhigh,vhigh,medium,vhigh,medium,high,high,saab
vhigh,vhigh,vhigh,vhigh,medium,vhigh,vhigh,low,vhigh,vhigh,vhigh,vhigh,high,low,low,vhigh,high,vhigh,saab
high,low,medium,medium,medium,medium,medium,high,medium,low,medium,medium,low,low,low,vhigh,high,high,opel
high,high,high,medium,high,vhigh,high,medium,high,high,medium,high,medium,medium,high,vhigh,high,high,van
vhigh,vhigh,vhigh,high,medium,high,vhigh,low,vhigh,vhigh,vhigh,vhigh,vhigh,high,vhigh,vhigh,medium,medium,opel
low,medium,low,low,low,low,medium,vhigh,medium,medium,low,low,medium,vhigh,high,medium,low,low,bus
medium,low,medium,medium,low,medium,high,medium,high,low,high,high,low,low,low,medium,high,high,opel
vhigh,vhigh,vhigh,high,low,vhigh,vhigh,low,vhigh,vhigh,vhigh,vhigh,vhigh,medium,low,vhigh,medium,high,opel
high,low,medium,high,medium,high,medium,high,high,low,medium,high,low,low,medium,vhigh,vhigh,vhigh,saab
medium,low,medium,low,medium,medium,low,vhigh,low,low,low,low,low,high,high,medium,high,medium,van
low,low,low,low,medium,low,low,vhigh,low,low,low,low,low,vhigh,low,vhigh,low,low,opel
medium,medium,medium,high,medium,medium,medium,high,medium,medium,medium,medium,medium,low,vhigh,medium,vhigh,vhigh,opel
vhigh,vhigh,vhigh,vhigh,vhigh,vhigh,vhigh,low,vhigh,vhigh,vhigh,vhigh,vhigh,low,vhigh,vhigh,high,vhigh,saab
low,low,medium,low,low,medium,medium,high,medium,low,medium,medium,medium,vhigh,high,high,low,low,saab
medium,low,medium,medium,high,medium,low,vhigh,low,medium,low,low,low,low,medium,medium,vhigh,vhigh,van
medium,low,high,high,medium,medium,high,medium,high,low,high,high,medium,medium,high,high,high,medium,saab
high,low,medium,low,medium,low,low,vhigh,low,medium,low,low,low,high,low,low,medium,low,van
medium,low,low,medium,high,low,low,vhigh,low,low,low,low,low,low,low,vhigh,high,vhigh,saab
medium,medium,high,vhigh,vhigh,vhigh,medium,high,medium,high,high,medium,medium,vhigh,medium,medium,medium,medium,van
vhigh,vhigh,vhigh,vhigh,medium,vhigh,vhigh,low,vhigh,vhigh,vhigh,vhigh,high,low,low,vhigh,high,vhigh,opel
medium,high,medium,medium,low,medium,high,medium,high,high,high,high,high,medium,high,medium,high,medium,saab
high,medium,high,vhigh,vhigh,high,high,medium,high,medium,high,high,high,high,vhigh,medium,high,high,saab
vhigh,high,vhigh,high,low,vhigh,vhigh,low,vhigh,high,high,vhigh,high,low,vhigh,vhigh,high,high,opel
high,high,medium,vhigh,vhigh,medium,high,medium,high,high,high,high,high,medium,high,vhigh,vhigh,vhigh,bus
low,medium,low,low,low,medium,medium,vhigh,medium,medium,medium,medium,medium,vhigh,high,medium,low,low,bus
medium,high,high,high,medium,medium,high,medium,high,high,high,high,vhigh,medium,vhigh,high,high,high,saab
vhigh,vhigh,vhigh,high,low,medium,vhigh,low,vhigh,vhigh,vhigh,vhigh,vhigh,vhigh,medium,vhigh,low,low,bus
vhigh,high,vhigh,vhigh,medium,vhigh,vhigh,low,vhigh,high,vhigh,vhigh,medium,low,low,vhigh,high,vhigh,saab
medium,medium,low,low,medium,low,low,vhigh,low,medium,low,low,medium,vhigh,vhigh,low,medium,low,van
medium,low,low,low,low,medium,low,vhigh,low,medium,low,low,medium,vhigh,vhigh,medium,low,low,van
high,medium,high,high,vhigh,high,high,high,high,high,medium,high,medium,low,vhigh,medium,vhigh,vhigh,van
vhigh,vhigh,vhigh,vhigh,vhigh,vhigh,vhigh,low,vhigh,vhigh,vhigh,vhigh,vhigh,medium,low,vhigh,medium,high,saab
low,low,low,low,medium,medium,low,vhigh,low,medium,low,low,low,low,high,medium,vhigh,vhigh,van
vhigh,high,vhigh,vhigh,vhigh,high,vhigh,low,vhigh,high,high,vhigh,high,medium,medium,medium,high,medium,opel
vhigh,vhigh,high,high,low,low,vhigh,low,vhigh,vhigh,vhigh,vhigh,vhigh,vhigh,high,medium,low,low,bus
medium,high,medium,high,vhigh,medium,medium,medium,medium,medium,high,high,high,medium,high,medium,vhigh,high,bus
medium,low,low,low,medium,low,low,vhigh,low,low,low,low,low,low,medium,medium,vhigh,vhigh,van
high,low,high,high,medium,high,high,medium,high,low,high,high,low,low,high,high,vhigh,vhigh,saab
high,low,medium,high,vhigh,medium,high,medium,high,low,high,high,low,medium,medium,high,high,high,saab
medium,medium,low,high,vhigh,vhigh,medium,high,medium,medium,high,medium,medium,vhigh,low,medium,medium,low,bus
medium,medium,high,low,low,vhigh,medium,high,high,high,medium,medium,medium,high,high,medium,low,medium,van
medium,low,low,low,low,medium,low,vhigh,medium,medium,low,low,low,vhigh,vhigh,vhigh,low,low,van
medium,medium,low,medium,medium,medium,low,vhigh,low,medium,low,low,medium,medium,high,medium,vhigh,vhigh,bus
high,low,medium,high,vhigh,medium,medium,medium,medium,low,medium,high,low,medium,medium,low,high,high,bus
vhigh,vhigh,vhigh,high,low,vhigh,vhigh,low,vhigh,vhigh,vhigh,vhigh,vhigh,high,low,low,medium,high,saab
low,low,low,low,low,low,low,vhigh,low,low,low,low,medium,vhigh,high,low,low,low,van
low,low,medium,low,low,high,low,vhigh,medium,low,low,low,low,vhigh,high,vhigh,low,low,opel
medium,low,high,high,high,medium,high,medium,high,low,high,high,medium,medium,vhigh,high,high,medium,saab
low,high,low,low,low,medium,medium,vhigh,medium,medium,medium,medium,high,vhigh,low,medium,low,low,bus
vhigh,high,vhigh,vhigh,high,high,vhigh,low,vhigh,high,high,vhigh,high,low,vhigh,vhigh,high,vhigh,saab
low,high,high,high,high,high,high,medium,high,high,high,high,vhigh,low,vhigh,medium,high,high,opel
vhigh,vhigh,vhigh,vhigh,vhigh,low,vhigh,low,vhigh,vhigh,vhigh,vhigh,vhigh,vhigh,high,high,medium,low,bus
low,low,low,low,medium,low,low,vhigh,low,low,low,low,medium,high,high,high,medium,low,saab
low,medium,low,low,low,medium,medium,vhigh,medium,high,medium,medium,high,vhigh,low,low,low,low,bus
vhigh,vhigh,vhigh,vhigh,vhigh,high,vhigh,low,vhigh,vhigh,vhigh,vhigh,vhigh,high,low,medium,medium,high,saab
vhigh,vhigh,high,high,low,high,vhigh,low,vhigh,vhigh,vhigh,vhigh,vhigh,high,medium,low,medium,medium,opel
medium,low,high,high,vhigh,medium,high,medium,high,low,high,high,medium,high,medium,vhigh,medium,medium,opel
vhigh,vhigh,high,vhigh,high,vhigh,vhigh,low,vhigh,vhigh,vhigh,vhigh,high,high,high,vhigh,medium,high,saab
medium,medium,medium,low,low,low,low,vhigh,medium,medium,medium,low,medium,medium,vhigh,vhigh,high,high,opel
high,low,low,high,vhigh,low,medium,medium,medium,low,high,high,low,medium,medium,vhigh,vhigh,vhigh,bus
vhigh,high,high,high,medium,vhigh,high,medium,high,high,high,high,high,low,medium,vhigh,vhigh,vhigh,saab
vhigh,vhigh,vhigh,vhigh,high,vhigh,vhigh,low,vhigh,vhigh,vhigh,vhigh,vhigh,medium,high,low,high,high,saab
medium,low,high,medium,medium,medium,high,medium,high,low,high,high,medium,high,medium,medium,medium,medium,saab
low,medium,low,low,low,low,medium,vhigh,medium,medium,medium,medium,high,vhigh,medium,medium,low,low,bus
high,low,low,medium,high,medium,low,vhigh,low,low,low,low,low,low,high,low,vhigh,high,van
vhigh,vhigh,vhigh,vhigh,high,vhigh,vhigh,low,vhigh,vhigh,vhigh,vhigh,vhigh,medium,vhigh,vhigh,high,vhigh,saab
high,medium,low,medium,medium,medium,medium,high,medium,medium,medium,medium,high,low,vhigh,medium,high,high,saab
high,high,high,high,vhigh,high,medium,high,medium,high,low,medium,high,low,high,medium,high,high,van
medium,high,high,low,low,vhigh,high,high,high,vhigh,medium,high,high,vhigh,low,medium,low,medium,van
vhigh,vhigh,vhigh,vhigh,vhigh,vhigh,vhigh,low,vhigh,vhigh,vhigh,vhigh,vhigh,medium,high,high,high,medium,opel
vhigh,vhigh,vhigh,vhigh,vhigh,vhigh,vhigh,low,vhigh,vhigh,vhigh,vhigh,vhigh,medium,low,vhigh,medium,high,saab
vhigh,vhigh,vhigh,vhigh,high,vhigh,vhigh,low,vhigh,vhigh,vhigh,vhigh,vhigh,medium,high,low,medium,high,saab
high,vhigh,vhigh,vhigh,high,high,vhigh,low,vhigh,vhigh,vhigh,vhigh,vhigh,medium,low,medium,high,high,opel
medium,high,high,high,medium,medium,high,medium,high,high,high,high,medium,low,high,medium,vhigh,vhigh,opel
low,low,low,low,high,low,low,vhigh,low,low,low,low,low,medium,medium,medium,medium,low,opel
low,medium,low,low,low,medium,medium,high,medium,medium,medium,medium,medium,vhigh,medium,low,low,low,bus
medium,low,low,low,medium,medium,low,vhigh,low,low,low,low,low,high,high,low,high,medium,van
vhigh,vhigh,vhigh,high,low,vhigh,vhigh,low,vhigh,vhigh,vhigh,vhigh,vhigh,high,vhigh,high,high,high,saab
vhigh,vhigh,vhigh,vhigh,high,vhigh,vhigh,low,vhigh,vhigh,vhigh,vhigh,vhigh,high,vhigh,low,medium,medium,saab
vhigh,vhigh,high,vhigh,high,low,vhigh,low,vhigh,high,vhigh,vhigh,vhigh,high,high,medium,high,medium,bus
low,low,low,low,low,low,low,vhigh,low,low,low,low,low,low,low,vhigh,vhigh,vhigh,van
high,vhigh,vhigh,high,low,vhigh,vhigh,low,vhigh,vhigh,vhigh,vhigh,vhigh,high,high,vhigh,medium,high,opel
low,low,medium,low,low,medium,low,vhigh,low,low,low,low,low,high,high,vhigh,low,medium,opel
medium,low,medium,medium,medium,medium,low,vhigh,medium,low,low,low,low,medium,low,medium,medium,medium,opel
vhigh,vhigh,vhigh,vhigh,vhigh,high,vhigh,low,vhigh,vhigh,vhigh,vhigh,vhigh,high,vhigh,medium,medium,medium,opel
low,medium,low,low,low,medium,medium,vhigh,medium,high,medium,medium,high,vhigh,low,medium,low,low,bus
low,low,low,low,low,medium,low,vhigh,low,low,low,low,low,medium,low,vhigh,low,medium,opel
low,medium,medium,low,high,medium,medium,high,medium,medium,medium,medium,high,vhigh,low,medium,low,low,bus
medium,medium,medium,medium,low,medium,low,vhigh,medium,high,low,low,high,low,vhigh,low,vhigh,high,saab
low,low,low,low,low,medium,low,vhigh,low,medium,low,low,medium,vhigh,vhigh,medium,low,low,van
medium,vhigh,high,vhigh,high,low,high,medium,high,high,high,high,vhigh,medium,low,medium,high,medium,opel
medium,low,high,high,medium,medium,high,medium,high,low,high,high,medium,medium,low,high,medium,medium,opel
medium,medium,low,low,low,low,low,vhigh,low,medium,low,low,medium,low,high,low,high,high,van
high,medium,high,medium,low,low,high,medium,high,medium,high,high,medium,high,low,medium,vhigh,medium,bus
high,low,low,medium,medium,medium,low,vhigh,low,low,low,low,medium,low,high,medium,vhigh,vhigh,saab
high,high,medium,vhigh,vhigh,medium,high,medium,high,high,high,high,high,medium,vhigh,medium,vhigh,vhigh,bus
high,low,medium,medium,vhigh,medium,low,vhigh,low,medium,low,low,low,low,medium,medium,vhigh,vhigh,van
vhigh,vhigh,vhigh,vhigh,vhigh,vhigh,vhigh,low,vhigh,vhigh,vhigh,vhigh,vhigh,high,vhigh,vhigh,high,high,opel
medium,low,high,high,high,low,high,medium,high,low,high,high,low,low,high,vhigh,vhigh,vhigh,saab
medium,low,medium,high,high,medium,high,medium,high,medium,high,high,medium,low,low,vhigh,high,high,opel
high,vhigh,vhigh,vhigh,vhigh,vhigh,vhigh,low,vhigh,vhigh,vhigh,vhigh,vhigh,medium,medium,vhigh,medium,high,saab
low,low,low,medium,medium,medium,low,vhigh,low,medium,low,low,low,low,low,vhigh,vhigh,vhigh,van
low,low,low,low,medium,low,low,vhigh,low,low,low,low,low,low,high,medium,vhigh,vhigh,van
low,low,medium,low,low,high,low,vhigh,low,low,low,low,low,low,low,vhigh,medium,high,opel
low,medium,low,low,low,low,medium,vhigh,medium,medium,medium,medium,medium,vhigh,low,high,low,low,bus
vhigh,vhigh,vhigh,high,medium,high,vhigh,low,vhigh,vhigh,vhigh,vhigh,vhigh,high,vhigh,vhigh,medium,medium,opel
medium,high,high,low,low,vhigh,high,high,high,vhigh,medium,high,high,high,low,medium,low,medium,van
low,low,low,low,low,low,low,vhigh,low,low,low,low,low,vhigh,medium,medium,low,low,opel
medium,low,medium,high,vhigh,low,high,medium,high,low,high,high,low,medium,low,high,vhigh,vhigh,bus
low,low,low,low,low,low,low,vhigh,low,low,low,low,low,vhigh,low,vhigh,low,low,saab
medium,low,low,medium,low,low,low,vhigh,low,low,low,low,low,low,high,vhigh,vhigh,vhigh,opel
medium,medium,low,medium,medium,medium,low,vhigh,low,medium,low,low,medium,low,vhigh,vhigh,vhigh,vhigh,opel
low,low,low,low,low,low,low,vhigh,low,low,low,low,low,vhigh,high,high,low,low,van
high,low,low,low,low,medium,low,vhigh,low,medium,low,low,low,high,medium,medium,medium,low,van
high,vhigh,high,high,low,high,vhigh,low,vhigh,vhigh,vhigh,vhigh,vhigh,high,low,low,low,medium,opel
vhigh,vhigh,vhigh,vhigh,vhigh,high,vhigh,low,vhigh,vhigh,vhigh,vhigh,vhigh,high,high,low,medium,high,saab
medium,high,high,medium,medium,high,medium,high,medium,high,medium,medium,vhigh,high,low,low,medium,medium,van
high,low,vhigh,high,medium,medium,high,medium,high,low,high,high,medium,medium,medium,vhigh,high,vhigh,saab
vhigh,vhigh,vhigh,vhigh,high,vhigh,vhigh,low,vhigh,vhigh,vhigh,vhigh,vhigh,high,vhigh,vhigh,high,vhigh,saab
low,low,medium,low,low,low,low,vhigh,low,low,low,low,low,medium,medium,vhigh,high,medium,saab
vhigh,vhigh,vhigh,high,high,high,vhigh,low,vhigh,vhigh,vhigh,vhigh,vhigh,high,vhigh,vhigh,medium,high,saab
low,medium,low,medium,vhigh,low,low,vhigh,low,medium,low,low,medium,medium,high,medium,medium,medium,bus
medium,medium,medium,medium,vhigh,medium,low,vhigh,medium,medium,low,low,medium,medium,medium,low,medium,medium,bus
high,vhigh,high,vhigh,vhigh,medium,high,medium,high,vhigh,high,high,vhigh,high,high,medium,vhigh,high,bus
medium,medium,low,medium,medium,medium,low,vhigh,low,medium,low,low,medium,low,vhigh,low,vhigh,vhigh,van
low,low,low,low,low,low,low,vhigh,low,low,low,low,medium,medium,high,low,medium,medium,saab
vhigh,high,vhigh,high,low,vhigh,vhigh,low,vhigh,high,high,vhigh,high,low,low,high,high,high,opel
low,medium,low,low,high,low,medium,high,medium,medium,medium,medium,high,vhigh,vhigh,low,low,low,bus
vhigh,vhigh,vhigh,vhigh,high,high,vhigh,low,vhigh,high,high,vhigh,high,low,low,vhigh,high,vhigh,opel
low,low,low,low,medium,low,low,vhigh,low,low,low,low,low,vhigh,vhigh,medium,low,low,opel
high,medium,low,low,low,medium,low,vhigh,low,medium,low,low,medium,vhigh,medium,medium,low,low,van
high,medium,low,medium,low,medium,low,vhigh,low,medium,low,low,medium,low,vhigh,medium,vhigh,vhigh,saab
low,medium,low,low,low,low,medium,high,medium,high,medium,medium,high,vhigh,medium,high,low,low,bus
high,high,medium,vhigh,vhigh,medium,high,medium,high,high,high,high,high,high,low,medium,vhigh,high,bus
vhigh,vhigh,vhigh,vhigh,vhigh,vhigh,vhigh,low,vhigh,vhigh,vhigh,vhigh,vhigh,medium,vhigh,low,high,high,opel
medium,vhigh,vhigh,vhigh,high,high,high,medium,high,vhigh,high,high,vhigh,medium,medium,low,high,high,opel
low,medium,medium,high,vhigh,medium,medium,high,medium,medium,high,medium,medium,vhigh,medium,high,medium,low,bus
high,high,vhigh,vhigh,vhigh,high,high,medium,high,high,high,high,medium,medium,low,vhigh,high,high,saab
high,medium,high,vhigh,vhigh,low,high,medium,high,medium,high,high,medium,medium,high,low,vhigh,high,bus
high,high,high,medium,high,high,medium,high,medium,high,medium,medium,high,medium,vhigh,medium,high,high,van
low,medium,medium,medium,medium,medium,medium,high,medium,medium,medium,medium,medium,high,high,low,medium,medium,opel
medium,low,medium,high,vhigh,low,high,medium,high,low,medium,high,low,low,low,high,vhigh,vhigh,bus
low,low,medium,low,low,medium,medium,vhigh,medium,low,medium,low,low,high,high,vhigh,low,low,saab
vhigh,vhigh,vhigh,high,low,vhigh,vhigh,low,vhigh,vhigh,vhigh,vhigh,vhigh,medium,low,high,medium,high,saab
medium,low,medium,medium,high,medium,medium,high,medium,low,medium,medium,medium,medium,high,vhigh,medium,medium,saab
high,vhigh,vhigh,vhigh,vhigh,high,vhigh,low,vhigh,vhigh,vhigh,vhigh,vhigh,high,medium,vhigh,medium,medium,saab
low,low,low,low,medium,low,low,vhigh,medium,medium,low,low,medium,vhigh,low,vhigh,low,low,saab
high,low,medium,high,high,medium,high,medium,high,low,high,high,low,low,low,vhigh,vhigh,vhigh,opel
high,medium,high,vhigh,high,high,high,medium,high,medium,high,high,low,low,medium,low,vhigh,vhigh,opel
vhigh,high,high,high,medium,high,high,medium,high,high,high,high,medium,low,vhigh,high,vhigh,vhigh,saab
low,low,low,low,low,low,low,vhigh,low,low,low,low,low,vhigh,high,low,low,low,van
low,medium,medium,medium,high,medium,medium,high,medium,medium,high,medium,medium,high,low,vhigh,medium,medium,bus
medium,high,high,medium,medium,vhigh,high,high,high,high,medium,medium,medium,high,vhigh,high,low,medium,van
medium,low,medium,medium,medium,medium,low,vhigh,low,medium,low,low,low,low,high,high,vhigh,vhigh,van
high,vhigh,high,vhigh,vhigh,high,high,medium,high,high,high,high,vhigh,low,high,medium,high,high,saab
medium,low,low,medium,medium,medium,low,vhigh,low,low,low,low,low,low,low,medium,vhigh,vhigh,van
vhigh,high,vhigh,vhigh,medium,high,high,medium,high,high,high,high,medium,low,vhigh,medium,vhigh,vhigh,saab
low,medium,low,low,medium,low,medium,vhigh,medium,low,low,low,high,vhigh,vhigh,low,low,low,saab
medium,high,high,high,medium,medium,high,medium,high,high,high,high,high,high,high,medium,medium,medium,saab
medium,medium,medium,medium,high,medium,low,vhigh,low,medium,low,low,medium,low,medium,medium,vhigh,vhigh,van
medium,high,high,medium,high,high,high,medium,high,vhigh,medium,high,high,high,high,low,medium,medium,van
vhigh,medium,high,vhigh,high,high,high,medium,high,medium,high,high,low,low,high,high,vhigh,vhigh,opel
vhigh,vhigh,vhigh,vhigh,vhigh,high,vhigh,low,vhigh,vhigh,vhigh,vhigh,vhigh,low,medium,high,high,vhigh,saab
high,high,high,high,vhigh,vhigh,medium,high,high,high,medium,medium,high,medium,vhigh,vhigh,high,high,van
low,medium,low,low,medium,low,medium,high,medium,medium,medium,medium,high,vhigh,high,low,low,low,bus
high,vhigh,high,vhigh,high,high,high,medium,high,vhigh,high,high,vhigh,medium,vhigh,low,high,high,opel
vhigh,medium,high,high,high,high,high,medium,high,medium,high,high,low,low,high,vhigh,vhigh,vhigh,opel
high,high,high,high,medium,medium,high,low,vhigh,high,high,vhigh,vhigh,high,high,low,high,medium,bus
medium,low,low,medium,medium,medium,medium,high,medium,low,medium,medium,low,low,low,low,vhigh,vhigh,opel
medium,low,high,high,vhigh,medium,medium,high,medium,low,high,medium,low,medium,high,medium,high,medium,saab
vhigh,vhigh,vhigh,vhigh,vhigh,vhigh,vhigh,low,vhigh,vhigh,vhigh,vhigh,vhigh,high,low,high,medium,high,opel
low,medium,medium,medium,vhigh,medium,medium,high,medium,medium,high,medium,medium,vhigh,low,high,low,low,bus
vhigh,vhigh,high,vhigh,vhigh,low,high,low,high,high,high,high,high,high,high,vhigh,vhigh,medium,bus
low,high,low,low,low,medium,medium,high,medium,medium,medium,medium,high,vhigh,high,low,low,low,bus
medium,medium,medium,high,vhigh,medium,medium,medium,medium,low,high,high,medium,high,high,high,high,medium,bus
high,high,medium,medium,vhigh,vhigh,high,medium,high,high,medium,high,medium,high,high,low,low,medium,van
high,high,low,high,vhigh,low,high,medium,high,high,high,high,medium,medium,vhigh,medium,vhigh,vhigh,bus
medium,high,medium,low,medium,vhigh,high,high,high,high,medium,high,high,vhigh,low,medium,low,medium,van
vhigh,vhigh,vhigh,vhigh,low,low,vhigh,low,vhigh,vhigh,vhigh,vhigh,vhigh,vhigh,vhigh,medium,low,low,bus
high,low,medium,high,vhigh,low,high,medium,high,low,high,high,low,medium,low,vhigh,vhigh,vhigh,bus
low,medium,low,low,low,medium,medium,vhigh,medium,medium,medium,medium,medium,vhigh,vhigh,medium,low,low,bus
medium,low,low,medium,medium,medium,low,vhigh,low,low,low,low,low,low,low,low,high,high,opel
vhigh,vhigh,vhigh,vhigh,vhigh,low,vhigh,low,vhigh,vhigh,vhigh,vhigh,vhigh,vhigh,high,vhigh,low,low,bus
medium,low,low,low,low,low,low,vhigh,low,low,low,low,low,vhigh,medium,high,low,low,saab
vhigh,vhigh,vhigh,vhigh,medium,vhigh,high,medium,high,vhigh,high,high,high,low,vhigh,low,vhigh,vhigh,saab
high,low,high,high,high,high,high,medium,high,medium,high,high,low,low,low,medium,vhigh,vhigh,saab
low,high,medium,high,vhigh,low,low,high,medium,high,medium,medium,high,medium,vhigh,medium,medium,medium,bus
vhigh,vhigh,vhigh,vhigh,high,high,high,medium,vhigh,high,high,high,vhigh,low,high,high,vhigh,vhigh,saab
medium,high,medium,low,low,vhigh,high,high,high,vhigh,medium,high,medium,vhigh,low,high,low,medium,van
vhigh,medium,high,vhigh,high,high,high,medium,high,medium,high,high,medium,low,high,medium,vhigh,vhigh,saab
medium,medium,low,low,low,medium,low,vhigh,low,medium,low,low,medium,vhigh,high,vhigh,low,low,van
medium,low,high,medium,medium,medium,medium,high,medium,low,high,medium,low,medium,low,low,medium,medium,saab
medium,low,medium,high,vhigh,low,medium,medium,medium,low,high,medium,low,medium,low,low,vhigh,vhigh,bus
low,medium,medium,medium,high,medium,medium,high,medium,medium,medium,medium,medium,high,low,low,low,low,bus
high,high,high,medium,medium,medium,high,medium,high,high,high,high,vhigh,high,vhigh,low,medium,medium,opel
vhigh,vhigh,vhigh,high,medium,vhigh,vhigh,low,vhigh,vhigh,vhigh,vhigh,high,medium,vhigh,vhigh,medium,high,opel
vhigh,high,vhigh,vhigh,high,high,vhigh,low,vhigh,high,vhigh,vhigh,vhigh,high,high,high,high,high,saab
high,high,high,high,medium,medium,high,medium,high,high,high,high,high,low,vhigh,low,vhigh,high,opel
high,medium,medium,medium,high,medium,low,vhigh,low,medium,low,low,medium,low,vhigh,high,vhigh,vhigh,van
high,vhigh,vhigh,high,low,high,vhigh,low,vhigh,vhigh,vhigh,vhigh,vhigh,high,medium,low,medium,medium,opel
vhigh,vhigh,vhigh,vhigh,high,vhigh,vhigh,low,vhigh,vhigh,vhigh,vhigh,vhigh,high,vhigh,high,medium,high,saab
low,medium,low,vhigh,vhigh,vhigh,low,vhigh,low,medium,vhigh,low,medium,vhigh,medium,medium,high,high,van
medium,low,low,low,medium,low,low,vhigh,low,low,low,low,low,low,high,high,vhigh,vhigh,van
high,high,high,low,low,high,high,high,high,vhigh,medium,high,high,vhigh,vhigh,medium,low,medium,van
high,medium,high,vhigh,high,high,high,medium,high,medium,high,high,low,low,low,vhigh,high,high,opel
vhigh,vhigh,vhigh,vhigh,medium,low,vhigh,low,vhigh,vhigh,vhigh,vhigh,vhigh,vhigh,high,high,medium,low,bus
vhigh,vhigh,vhigh,vhigh,high,high,vhigh,low,vhigh,vhigh,vhigh,vhigh,vhigh,high,medium,medium,medium,medium,saab
vhigh,high,vhigh,vhigh,medium,high,vhigh,low,vhigh,high,high,vhigh,high,low,high,low,high,high,saab
vhigh,vhigh,vhigh,vhigh,high,vhigh,vhigh,low,vhigh,vhigh,vhigh,vhigh,vhigh,medium,vhigh,vhigh,high,vhigh,saab
high,medium,low,high,vhigh,medium,medium,medium,medium,medium,medium,medium,high,low,high,low,vhigh,vhigh,bus
vhigh,vhigh,vhigh,vhigh,vhigh,high,vhigh,low,vhigh,vhigh,vhigh,vhigh,vhigh,high,high,vhigh,medium,high,opel
high,medium,high,high,medium,high,high,medium,high,medium,high,high,low,low,low,low,vhigh,vhigh,saab
high,high,medium,vhigh,vhigh,low,high,medium,high,high,high,high,high,medium,high,medium,vhigh,high,bus
vhigh,vhigh,vhigh,high,low,high,vhigh,low,vhigh,vhigh,vhigh,vhigh,vhigh,high,vhigh,vhigh,medium,high,opel
vhigh,vhigh,vhigh,vhigh,high,vhigh,vhigh,low,vhigh,vhigh,high,vhigh,vhigh,high,vhigh,high,medium,high,saab
medium,low,medium,high,medium,medium,high,medium,high,low,high,high,low,medium,low,vhigh,high,high,opel
vhigh,vhigh,vhigh,vhigh,vhigh,vhigh,vhigh,low,vhigh,vhigh,vhigh,vhigh,vhigh,medium,medium,vhigh,high,high,saab
high,high,high,medium,vhigh,high,medium,high,high,high,medium,medium,high,high,vhigh,medium,medium,medium,van
vhigh,high,vhigh,vhigh,medium,high,high,medium,high,high,high,high,medium,low,medium,medium,vhigh,vhigh,opel
high,high,high,medium,high,high,high,high,high,high,medium,high,medium,medium,low,medium,high,high,van
medium,low,medium,low,low,medium,low,vhigh,low,low,low,low,low,medium,low,high,high,medium,van
vhigh,high,vhigh,vhigh,high,high,vhigh,low,vhigh,high,high,vhigh,high,low,low,vhigh,high,vhigh,saab
high,medium,low,high,vhigh,medium,medium,medium,medium,medium,high,high,medium,low,medium,medium,vhigh,vhigh,bus
low,low,medium,low,low,medium,low,vhigh,low,low,low,low,low,medium,medium,vhigh,low,medium,opel
vhigh,high,high,vhigh,vhigh,high,vhigh,low,vhigh,high,vhigh,vhigh,high,medium,low,high,medium,medium,opel
vhigh,vhigh,vhigh,vhigh,medium,vhigh,vhigh,low,vhigh,vhigh,vhigh,vhigh,vhigh,high,high,vhigh,medium,high,opel
vhigh,vhigh,vhigh,high,low,medium,vhigh,low,vhigh,vhigh,vhigh,vhigh,vhigh,vhigh,medium,vhigh,low,low,bus
low,high,medium,high,vhigh,medium,low,vhigh,low,high,medium,low,high,medium,low,low,high,high,van
vhigh,vhigh,vhigh,high,low,low,vhigh,low,vhigh,vhigh,vhigh,vhigh,vhigh,vhigh,low,vhigh,low,low,bus
medium,low,low,low,low,medium,low,vhigh,low,medium,low,low,medium,vhigh,low,medium,low,low,van
low,low,medium,medium,low,medium,medium,high,medium,low,high,medium,low,medium,vhigh,high,medium,medium,opel
vhigh,vhigh,vhigh,vhigh,vhigh,high,vhigh,low,vhigh,vhigh,vhigh,vhigh,high,medium,medium,vhigh,medium,high,saab
vhigh,vhigh,high,medium,low,medium,vhigh,low,vhigh,vhigh,vhigh,vhigh,vhigh,vhigh,high,vhigh,medium,low,bus
vhigh,vhigh,vhigh,vhigh,high,low,vhigh,low,vhigh,high,vhigh,vhigh,vhigh,vhigh,high,medium,high,low,bus
high,medium,high,medium,vhigh,high,medium,high,medium,high,low,medium,medium,low,medium,medium,high,vhigh,van
vhigh,vhigh,vhigh,vhigh,medium,vhigh,vhigh,low,vhigh,vhigh,vhigh,vhigh,vhigh,low,vhigh,medium,high,high,saab
low,low,medium,medium,vhigh,low,low,high,medium,low,medium,low,low,medium,medium,vhigh,vhigh,high,bus
medium,medium,medium,medium,low,medium,low,vhigh,low,medium,low,low,medium,low,low,low,high,high,opel
high,high,vhigh,vhigh,high,high,high,low,vhigh,high,high,high,high,medium,low,low,high,high,saab
high,high,high,high,vhigh,high,medium,high,medium,high,medium,medium,high,medium,vhigh,high,vhigh,vhigh,van
low,medium,low,low,high,medium,medium,high,medium,medium,medium,medium,high,vhigh,low,low,low,low,bus
medium,medium,low,medium,medium,high,low,vhigh,low,medium,low,low,medium,medium,high,low,high,high,van
low,medium,low,low,low,medium,medium,vhigh,medium,high,medium,medium,high,vhigh,high,high,low,low,bus
high,high,high,high,vhigh,high,medium,high,medium,high,medium,medium,high,low,low,low,vhigh,vhigh,van
high,vhigh,high,vhigh,vhigh,medium,high,medium,high,high,high,high,vhigh,medium,high,low,high,medium,saab
high,low,medium,high,medium,medium,high,medium,high,medium,high,high,medium,medium,medium,vhigh,high,high,saab
low,low,low,low,low,low,low,vhigh,low,low,low,low,low,vhigh,vhigh,low,low,low,van
vhigh,low,medium,vhigh,vhigh,low,high,medium,high,low,high,high,low,high,high,vhigh,vhigh,vhigh,bus
medium,low,medium,medium,medium,medium,medium,high,medium,low,low,medium,low,low,low,vhigh,vhigh,vhigh,saab
medium,medium,low,medium,medium,medium,low,vhigh,low,medium,low,low,medium,medium,high,high,vhigh,high,van
low,low,low,low,low,low,low,vhigh,low,low,low,low,low,medium,high,medium,high,medium,van
high,vhigh,high,vhigh,high,high,high,medium,high,vhigh,vhigh,high,vhigh,medium,medium,low,medium,medium,saab
medium,medium,medium,medium,low,medium,medium,high,medium,medium,medium,medium,medium,high,vhigh,vhigh,medium,medium,saab
low,high,low,low,medium,medium,medium,high,medium,high,low,medium,high,vhigh,medium,high,low,low,bus
high,vhigh,high,low,low,high,medium,high,high,vhigh,medium,medium,high,vhigh,medium,medium,low,medium,van
vhigh,high,high,vhigh,high,high,high,medium,high,high,high,high,medium,low,vhigh,vhigh,vhigh,vhigh,opel
vhigh,vhigh,vhigh,vhigh,medium,vhigh,high,medium,vhigh,vhigh,high,high,high,low,vhigh,low,vhigh,vhigh,saab
medium,medium,low,medium,high,medium,low,vhigh,low,medium,low,low,medium,high,medium,low,medium,medium,van
vhigh,vhigh,vhigh,vhigh,vhigh,high,vhigh,low,vhigh,vhigh,vhigh,vhigh,vhigh,medium,low,high,medium,medium,opel
vhigh,vhigh,vhigh,high,low,high,vhigh,low,vhigh,vhigh,vhigh,vhigh,vhigh,high,vhigh,vhigh,medium,high,saab
low,medium,low,low,low,medium,medium,high,medium,high,medium,medium,high,vhigh,low,high,low,low,bus
high,low,medium,high,high,medium,high,medium,high,low,high,high,low,low,high,vhigh,high,high,saab
medium,low,low,medium,vhigh,medium,medium,high,medium,low,low,medium,low,medium,medium,high,high,high,bus
medium,high,vhigh,vhigh,high,high,high,medium,vhigh,high,vhigh,high,vhigh,high,medium,medium,medium,medium,opel
medium,low,high,medium,medium,medium,low,vhigh,medium,low,low,low,low,low,low,vhigh,high,high,saab
low,medium,low,low,low,medium,medium,high,medium,high,medium,medium,high,vhigh,medium,high,low,low,bus
high,high,vhigh,vhigh,high,vhigh,vhigh,low,vhigh,high,high,vhigh,medium,low,low,medium,high,vhigh,opel
medium,vhigh,high,vhigh,vhigh,high,high,medium,high,vhigh,high,high,vhigh,high,low,low,medium,medium,opel
low,medium,low,low,medium,medium,medium,high,medium,medium,medium,medium,medium,vhigh,high,medium,medium,low,bus
high,low,medium,medium,medium,high,low,vhigh,low,low,low,low,low,medium,low,medium,high,medium,van
high,low,medium,high,vhigh,low,high,medium,high,low,high,high,low,high,low,medium,vhigh,high,bus
high,high,vhigh,vhigh,vhigh,high,high,medium,high,medium,vhigh,high,high,high,medium,vhigh,high,high,saab
vhigh,vhigh,vhigh,medium,low,low,vhigh,low,vhigh,vhigh,vhigh,vhigh,vhigh,vhigh,medium,high,medium,low,bus
vhigh,vhigh,vhigh,vhigh,medium,vhigh,vhigh,low,vhigh,high,vhigh,vhigh,high,medium,high,medium,high,high,saab
high,low,low,low,low,medium,low,vhigh,low,medium,low,low,low,vhigh,high,vhigh,low,low,van
vhigh,high,high,vhigh,high,high,vhigh,low,vhigh,high,vhigh,vhigh,high,medium,medium,high,high,high,saab
medium,medium,low,medium,high,medium,low,vhigh,low,medium,low,low,medium,low,medium,low,vhigh,vhigh,van
low,medium,vhigh,vhigh,vhigh,high,high,medium,high,medium,high,high,high,medium,low,vhigh,medium,medium,opel
vhigh,vhigh,high,vhigh,high,vhigh,vhigh,low,vhigh,vhigh,vhigh,vhigh,vhigh,medium,low,vhigh,medium,high,saab
low,low,low,low,low,low,low,vhigh,low,low,low,low,low,high,vhigh,vhigh,medium,low,van
low,medium,low,low,low,low,medium,vhigh,medium,medium,low,medium,medium,vhigh,high,medium,low,low,bus
vhigh,vhigh,vhigh,vhigh,vhigh,vhigh,vhigh,low,vhigh,vhigh,vhigh,vhigh,vhigh,medium,vhigh,medium,medium,high,saab
high,low,low,low,low,high,low,vhigh,low,medium,low,low,low,medium,low,high,high,low,van
vhigh,vhigh,vhigh,vhigh,high,high,vhigh,low,vhigh,vhigh,vhigh,vhigh,vhigh,high,vhigh,low,medium,high,saab
medium,low,high,medium,medium,medium,high,medium,high,low,high,high,medium,medium,high,high,medium,medium,saab
low,medium,low,low,low,low,medium,vhigh,medium,medium,medium,medium,high,vhigh,high,low,low,low,bus
low,medium,low,medium,high,high,low,vhigh,low,medium,low,low,high,medium,high,low,high,high,van
vhigh,vhigh,vhigh,medium,low,high,vhigh,low,vhigh,vhigh,vhigh,vhigh,high,medium,medium,vhigh,medium,medium,opel
high,high,high,high,high,low,high,medium,high,high,high,high,high,high,low,vhigh,vhigh,high,bus
low,medium,medium,medium,vhigh,medium,medium,high,medium,medium,medium,medium,medium,high,high,high,medium,medium,bus
low,low,low,low,low,low,low,vhigh,low,medium,low,low,medium,vhigh,high,medium,low,low,van
low,low,low,low,low,medium,low,vhigh,low,low,low,low,low,low,vhigh,medium,vhigh,high,opel
vhigh,vhigh,vhigh,vhigh,medium,vhigh,vhigh,low,vhigh,vhigh,vhigh,vhigh,vhigh,low,vhigh,low,vhigh,vhigh,saab
vhigh,vhigh,vhigh,high,medium,vhigh,vhigh,low,vhigh,vhigh,vhigh,vhigh,vhigh,high,vhigh,medium,medium,medium,opel
medium,low,medium,high,vhigh,low,medium,high,medium,low,high,medium,low,high,high,high,vhigh,high,bus
medium,medium,high,medium,high,medium,low,high,medium,medium,medium,low,medium,medium,medium,high,medium,high,van
low,low,low,low,low,low,low,vhigh,low,low,low,low,low,high,high,low,medium,low,opel
medium,medium,high,high,vhigh,low,high,medium,high,medium,high,high,high,low,vhigh,medium,vhigh,high,opel
high,high,high,vhigh,vhigh,medium,high,medium,high,high,high,high,vhigh,medium,high,vhigh,vhigh,high,bus
vhigh,vhigh,vhigh,vhigh,high,high,vhigh,low,vhigh,vhigh,high,vhigh,vhigh,low,low,low,vhigh,vhigh,opel
low,medium,low,medium,high,medium,medium,high,medium,medium,medium,medium,medium,vhigh,low,low,low,low,bus
medium,high,high,medium,low,medium,medium,high,medium,high,high,medium,medium,medium,medium,low,medium,medium,saab
vhigh,vhigh,vhigh,high,low,vhigh,vhigh,low,vhigh,vhigh,vhigh,vhigh,vhigh,high,high,medium,medium,medium,saab
low,high,low,low,medium,low,medium,high,medium,high,medium,medium,high,high,medium,low,medium,medium,bus
low,low,low,low,low,low,low,vhigh,medium,low,low,low,low,vhigh,medium,low,low,low,saab
high,vhigh,vhigh,vhigh,high,vhigh,vhigh,low,vhigh,vhigh,vhigh,vhigh,vhigh,high,medium,vhigh,medium,medium,opel
low,low,low,low,low,low,low,vhigh,low,low,low,low,medium,medium,vhigh,medium,medium,low,opel
high,low,medium,high,vhigh,low,high,medium,high,low,high,high,low,medium,low,low,vhigh,vhigh,bus
medium,high,medium,low,low,high,medium,high,high,vhigh,medium,medium,high,vhigh,low,low,low,medium,van
low,medium,low,low,low,medium,medium,high,medium,high,medium,medium,medium,vhigh,medium,high,low,low,bus
low,high,low,medium,vhigh,vhigh,medium,high,medium,high,high,medium,high,vhigh,low,medium,low,low,bus
medium,high,high,medium,high,vhigh,high,high,high,vhigh,medium,high,high,high,medium,high,medium,medium,van
vhigh,vhigh,vhigh,vhigh,high,vhigh,vhigh,low,vhigh,vhigh,vhigh,vhigh,vhigh,medium,vhigh,vhigh,high,vhigh,saab
high,medium,high,vhigh,high,high,high,medium,high,medium,vhigh,high,medium,medium,high,vhigh,high,high,opel
high,medium,vhigh,high,high,high,high,medium,high,medium,high,high,medium,medium,vhigh,vhigh,high,high,saab
low,low,medium,low,low,medium,low,vhigh,low,low,low,low,low,high,low,medium,low,low,saab
vhigh,vhigh,high,vhigh,vhigh,vhigh,vhigh,low,vhigh,vhigh,vhigh,vhigh,vhigh,high,high,high,medium,medium,opel
high,medium,high,high,high,high,low,vhigh,medium,medium,low,low,low,low,medium,medium,vhigh,vhigh,van
vhigh,vhigh,vhigh,vhigh,vhigh,high,vhigh,low,vhigh,vhigh,high,vhigh,vhigh,medium,vhigh,vhigh,high,high,opel
vhigh,vhigh,high,vhigh,medium,vhigh,vhigh,low,vhigh,vhigh,vhigh,vhigh,vhigh,high,high,high,medium,medium,opel
low,low,high,medium,low,medium,medium,high,high,low,high,medium,medium,high,low,vhigh,low,low,opel
high,high,high,high,high,high,high,medium,high,high,high,high,medium,low,low,low,vhigh,vhigh,opel
high,vhigh,vhigh,high,low,vhigh,vhigh,low,vhigh,vhigh,vhigh,vhigh,vhigh,high,medium,medium,medium,high,opel
medium,medium,low,low,low,medium,low,vhigh,low,medium,low,low,medium,high,vhigh,high,medium,medium,van
high,high,high,low,low,vhigh,high,high,high,vhigh,medium,high,high,high,high,medium,low,medium,van
high,low,low,high,vhigh,medium,medium,high,medium,low,low,medium,low,low,low,high,vhigh,vhigh,bus
vhigh,high,low,high,vhigh,medium,high,medium,high,high,high,high,medium,medium,high,medium,vhigh,vhigh,bus
vhigh,high,vhigh,vhigh,medium,vhigh,vhigh,low,vhigh,high,vhigh,vhigh,vhigh,medium,vhigh,medium,high,high,saab
medium,high,high,medium,low,low,high,medium,high,high,high,high,high,medium,vhigh,low,medium,medium,saab
low,low,low,low,low,low,low,vhigh,low,low,low,low,low,vhigh,vhigh,low,low,low,saab
vhigh,vhigh,vhigh,high,low,low,vhigh,low,vhigh,vhigh,vhigh,vhigh,vhigh,vhigh,medium,medium,low,low,bus
low,high,low,low,medium,medium,low,vhigh,low,high,medium,low,high,high,medium,high,medium,medium,van
high,high,medium,high,medium,medium,high,medium,high,high,high,high,high,low,vhigh,low,high,high,saab
high,medium,medium,medium,low,high,medium,high,medium,high,medium,medium,medium,medium,low,vhigh,medium,high,van
medium,medium,medium,medium,high,medium,low,vhigh,low,medium,low,low,medium,low,high,low,vhigh,vhigh,van
high,low,low,low,low,medium,low,vhigh,low,low,low,low,low,low,medium,vhigh,vhigh,vhigh,opel
high,low,high,high,high,medium,high,medium,high,low,high,high,low,high,high,vhigh,medium,medium,saab
medium,high,high,medium,vhigh,vhigh,high,high,high,high,medium,high,high,high,low,vhigh,medium,high,van
vhigh,vhigh,vhigh,vhigh,vhigh,vhigh,vhigh,low,vhigh,vhigh,vhigh,vhigh,vhigh,medium,medium,low,medium,high,saab
low,low,medium,medium,medium,medium,low,vhigh,low,low,low,low,low,low,low,vhigh,high,medium,saab
low,low,low,low,low,low,low,vhigh,low,low,low,low,low,high,low,high,medium,low,van
